url,nombre,descripcion,marca,anio,genero,top_notes,middle_notes,base_notes,accords,rating,votes,error
https://www.fragrantica.com/perfume/Lattafa-Perfumes/Khamrah-75805.html,Khamrah Lattafa Perfumes for women and men,"Khamrah by Lattafa Perfumes is a Oriental Spicy fragrance for women and men. Khamrah was launched in 2022. Top notes are Cinnamon, Nutmeg and Bergamot; middle notes are Dates, Praline, Tuberose and Mahonial; base notes are Vanilla, Tonka Bean, Amberwood, Myrrh, Benzoin and Akigalawood.",Lattafa Perfumes,2022,women and men,"Cinnamon, Nutmeg and Bergamot","Dates, Praline, Tuberose and Mahonial","Vanilla, Tonka Bean, Amberwood, Myrrh, Benzoin and Akigalawood",sweet | warm spicy | vanilla | amber | cinnamon | woody | fresh spicy | fruity,2.97,26819,
https://www.fragrantica.com/perfume/Lattafa-Perfumes/Khamrah-Qahwa-88175.html,Khamrah Qahwa Lattafa Perfumes for women and men,"Khamrah Qahwa by Lattafa Perfumes is a Oriental Vanilla fragrance for women and men. Khamrah Qahwa was launched in 2023. Top notes are Cinnamon, Cardamom and Ginger; middle notes are Praline, Candied Fruits and White Flowers; base notes are Vanilla, Coffee, Tonka Bean, Benzoin and Musk.",Lattafa Perfumes,2023,women and men,"Cinnamon, Cardamom and Ginger","Praline, Candied Fruits and White Flowers","Vanilla, Coffee, Tonka Bean, Benzoin and Musk",warm spicy | sweet | vanilla | cinnamon | coffee | amber | powdery,7.79,13318,
https://www.fragrantica.com/perfume/Lattafa-Perfumes/Eclaire-93628.html,Eclaire Lattafa Perfumes for women,"Eclaire by Lattafa Perfumes is a Floral Fruity Gourmand fragrance for women. Eclaire was launched in 2024. Top notes are Caramel, Milk and Sugar; middle notes are Honey and White Flowers; base notes are Vanilla, Praline and Musk.",Lattafa Perfumes,2024,women,"Caramel, Milk and Sugar",Honey and White Flowers,"Vanilla, Praline and Musk",sweet | vanilla | caramel | lactonic | honey | powdery,2.97,8100,
https://www.fragrantica.com/perfume/Lattafa-Perfumes/Asad-72821.html,Asad Lattafa Perfumes for men,"Asad by Lattafa Perfumes is a Oriental fragrance for men. Asad was launched in 2021. Top notes are Black Pepper, Tobacco and Pineapple; middle notes are Patchouli, Coffee and Iris; base notes are Vanilla, Amber, Dry Wood, Benzoin and Labdanum.",Lattafa Perfumes,2021,men,"Black Pepper, Tobacco and Pineapple","Patchouli, Coffee and Iris","Vanilla, Amber, Dry Wood, Benzoin and Labdanum",amber | fresh spicy | woody | warm spicy | vanilla | sweet | tobacco | powdery | patchouli | balsamic,8.44,12626,
https://www.fragrantica.com/perfume/Lattafa-Perfumes/Yara-76880.html,Yara Lattafa Perfumes for women,"Yara by Lattafa Perfumes is a Oriental Vanilla fragrance for women. Yara was launched in 2020. Top notes are Orchid, Heliotrope and Tangerine; middle notes are Gourmand Accord and Tropical Fruits; base notes are Vanilla, Musk and Sandalwood.",Lattafa Perfumes,2020,women,"Orchid, Heliotrope and Tangerine",Gourmand Accord and Tropical Fruits,"Vanilla, Musk and Sandalwood",sweet | vanilla | powdery | tropical | fruity | musky | floral | citrus,5.19,10749,
https://www.fragrantica.com/perfume/Lattafa-Perfumes/Asad-Bourbon-101124.html,Asad Bourbon Lattafa Perfumes for men,"Asad Bourbon by Lattafa Perfumes is a Oriental Spicy fragrance for men. This is a new fragrance. Asad Bourbon was launched in 2025. Top notes are Lavender, Mirabelle and Pink Pepper; middle notes are Cacao, Nutmeg and Davana; base notes are Bourbon Vanilla, Amber and Vetiver.",Lattafa Perfumes,2025,men,"Lavender, Mirabelle and Pink Pepper","Cacao, Nutmeg and Davana","Bourbon Vanilla, Amber and Vetiver",vanilla | cacao | sweet | lavender | fresh spicy | amber | warm spicy | aromatic | powdery | soft spicy,9.09,4604,
https://www.fragrantica.com/perfume/Lattafa-Perfumes/Bade-e-Al-Oud-Honor-Glory-84302.html,Bade'e Al Oud Honor & Glory Lattafa Perfumes for women and men,"Bade'e Al Oud Honor & Glory by Lattafa Perfumes is a fragrance for women and men. Bade'e Al Oud Honor & Glory was launched in 2023. Top notes are Pineapple and Creme Brulee; middle notes are Cinnamon, Turmeric, Black Pepper and Benzoin; base notes are Vanilla, Sandalwood, Cashmeran and Moss.",Lattafa Perfumes,2023,women and men,Pineapple and Creme Brulee,"Cinnamon, Turmeric, Black Pepper and Benzoin","Vanilla, Sandalwood, Cashmeran and Moss",sweet | warm spicy | fruity | vanilla | woody | powdery | cinnamon | tropical,4.69,6933,
https://www.fragrantica.com/perfume/Lattafa-Perfumes/Angham-96768.html,Angham Lattafa Perfumes for women and men,"Angham by Lattafa Perfumes is a Oriental Vanilla fragrance for women and men. This is a new fragrance. Angham was launched in 2024. Top notes are Ginger, Mandarin and Pink Pepper; middle notes are Lavender, Praline, Cacao and Jasmine; base notes are Vanilla, Amber and Musk.",Lattafa Perfumes,2024,women and men,"Ginger, Mandarin and Pink Pepper","Lavender, Praline, Cacao and Jasmine","Vanilla, Amber and Musk",vanilla | sweet | lavender | fresh spicy | powdery | amber | citrus | musky | cacao | aromatic,3.14,4374,
https://www.fragrantica.com/perfume/Lattafa-Perfumes/Teriaq-Intense-99586.html,Teriaq Intense Lattafa Perfumes for women and men,"Teriaq Intense by Lattafa Perfumes is a Oriental Spicy fragrance for women and men. This is a new fragrance. Teriaq Intense was launched in 2024. The nose behind this fragrance is Quentin Bisch. Top notes are Saffron and Bergamot; middle notes are Plum Liquor and Cinnamon; base notes are Amber, Tonka Bean and Benzoin.",Lattafa Perfumes,2024,women and men,Saffron and Bergamot,Plum Liquor and Cinnamon,"Amber, Tonka Bean and Benzoin",amber | warm spicy | fruity | cinnamon | aromatic | vanilla | spice,5.09,3547,
https://www.fragrantica.com/perfume/Lattafa-Perfumes/Fakhar-Black-70465.html,Fakhar Black Lattafa Perfumes for men,"Fakhar Black by Lattafa Perfumes is a Oriental fragrance for men. Fakhar Black was launched in 2022. Top notes are Apple, Bergamot and Ginger; middle notes are Lavender, Sage, Juniper Berries and Geranium; base notes are Tonka Bean, Cedar, Amberwood and Vetiver.",Lattafa Perfumes,2022,men,"Apple, Bergamot and Ginger","Lavender, Sage, Juniper Berries and Geranium","Tonka Bean, Cedar, Amberwood and Vetiver",aromatic | fresh spicy | woody | fruity | fresh | citrus | lavender | green | amber | herbal,3.2,6966,
https://www.fragrantica.com/perfume/Lattafa-Perfumes/Vintage-Radio-89454.html,Vintage Radio Lattafa Perfumes for women and men,"Vintage Radio by Lattafa Perfumes is a Oriental Woody fragrance for women and men. Vintage Radio was launched in 2023. Top notes are Lavender, Sage and Bergamot; middle notes are Plum, Palo Santo and Black Pepper; base notes are Sandalwood and Oud.",Lattafa Perfumes,2023,women and men,"Lavender, Sage and Bergamot","Plum, Palo Santo and Black Pepper",Sandalwood and Oud,woody | fruity | aromatic | fresh spicy | citrus | lavender | sweet | herbal | warm spicy | powdery,2.49,3529,
https://www.fragrantica.com/perfume/Lattafa-Perfumes/Nebras-78560.html,Nebras Lattafa Perfumes for women and men,"Nebras by Lattafa Perfumes is a Oriental Vanilla fragrance for women and men. Nebras was launched in 2022. Top notes are Red Berries and Mandarin Orange; middle notes are Vanilla, Cacao and Rose; base notes are Sugar, Tonka Bean, Amber and Musk.",Lattafa Perfumes,2022,women and men,Red Berries and Mandarin Orange,"Vanilla, Cacao and Rose","Sugar, Tonka Bean, Amber and Musk",vanilla | sweet | cacao | warm spicy | amber | fruity | powdery,7.29,5383,
https://www.fragrantica.com/perfume/Lattafa-Perfumes/Qaed-Al-Fursan-67996.html,Qaed Al Fursan Lattafa Perfumes for women and men,"Qaed Al Fursan by Lattafa Perfumes is a Oriental Woody fragrance for women and men. Qaed Al Fursan was launched in 2016. Top notes are Pineapple and Saffron; middle notes are Balsam Fir and Jasmine; base notes are Cedar, Amber and Agarwood (Oud).",Lattafa Perfumes,2016,women and men,Pineapple and Saffron,Balsam Fir and Jasmine,"Cedar, Amber and Agarwood (Oud)",fruity | sweet | woody | tropical | fresh | amber | warm spicy | oud | white floral | fresh spicy,5.19,6613,
https://www.fragrantica.com/perfume/Lattafa-Perfumes/Liam-85097.html,Liam Lattafa Perfumes for women and men,"Liam by Lattafa Perfumes is a fragrance for women and men. Liam was launched in 2023. Top notes are Cardamom, Fig and Black Tea; middle notes are Iris, Vetiver and Labdanum; base notes are Vanilla, Sandalwood, Tonka and Patchouli.",Lattafa Perfumes,2023,women and men,"Cardamom, Fig and Black Tea","Iris, Vetiver and Labdanum","Vanilla, Sandalwood, Tonka and Patchouli",woody | warm spicy | vanilla | powdery | aromatic | sweet | fruity | iris | green | earthy,3.39,3963,
https://www.fragrantica.com/perfume/Lattafa-Perfumes/Her-Confession-96864.html,Her Confession Lattafa Perfumes for women,"Her Confession by Lattafa Perfumes is a fragrance for women. This is a new fragrance. Her Confession was launched in 2024. Top notes are Cinnamon and Mystikal; middle notes are Tuberose, Jasmine, Incense and Mahonial; base notes are Vanilla, Musk and Tonka.",Lattafa Perfumes,2024,women,Cinnamon and Mystikal,"Tuberose, Jasmine, Incense and Mahonial","Vanilla, Musk and Tonka",vanilla | white floral | tuberose | amber | warm spicy | musky | powdery | sweet | cinnamon | balsamic,2.99,2710,
https://www.fragrantica.com/perfume/Lattafa-Perfumes/Bade-e-Al-Oud-Oud-for-Glory-64948.html,Bade'e Al Oud Oud for Glory Lattafa Perfumes for women and men,"Bade'e Al Oud Oud for Glory by Lattafa Perfumes is a Oriental Woody fragrance for women and men. Bade'e Al Oud Oud for Glory was launched in 2020. Top notes are Saffron, Nutmeg and Lavender; middle notes are Agarwood (Oud) and Patchouli; base notes are Agarwood (Oud), Patchouli and Musk.",Lattafa Perfumes,2020,women and men,"Saffron, Nutmeg and Lavender",Agarwood (Oud) and Patchouli,"Agarwood (Oud), Patchouli and Musk",oud | warm spicy | fresh spicy | patchouli | metallic | musky | woody | lavender | earthy | leather,7.79,7600,
https://www.fragrantica.com/perfume/Lattafa-Perfumes/Art-Of-Universe-101314.html,Art Of Universe Lattafa Perfumes for women and men,"Art Of Universe by Lattafa Perfumes is a Citrus Aromatic fragrance for women and men. This is a new fragrance. Art Of Universe was launched in 2025. Top notes are Mandarin, Ginger, Bergamot and Mint; middle notes are Pear and Orange Blossom; base notes are Musk, Amber and Cedar.",Lattafa Perfumes,2025,women and men,"Mandarin, Ginger, Bergamot and Mint",Pear and Orange Blossom,"Musk, Amber and Cedar",citrus | fruity | fresh spicy | sweet | musky | green | fresh | powdery | aromatic | white floral,1.59,1651,
https://www.fragrantica.com/perfume/Lattafa-Perfumes/His-Confession-96866.html,His Confession Lattafa Perfumes for men,"His Confession by Lattafa Perfumes is a Oriental Woody fragrance for men. This is a new fragrance. His Confession was launched in 2024. Top notes are Lavender, Cinnamon and Mandarin; middle notes are Iris, Benzoin, Cypress and Mahonial; base notes are Vanilla, Tonka, Amber, Incense, Cedarwood and Patchouli.",Lattafa Perfumes,2024,men,"Lavender, Cinnamon and Mandarin","Iris, Benzoin, Cypress and Mahonial","Vanilla, Tonka, Amber, Incense, Cedarwood and Patchouli",amber | vanilla | warm spicy | powdery | iris | woody | aromatic | balsamic | lavender | cinnamon,1.2,2185,
https://www.fragrantica.com/perfume/Lattafa-Perfumes/Victoria-102906.html,Victoria Lattafa Perfumes for women and men,Victoria by Lattafa Perfumes is a Floral Fruity Gourmand fragrance for women and men. This is a new fragrance. Victoria was launched in 2025. Top note is Lemon Meringue Pie; middle note is Neroli; base note is Vanilla.,Lattafa Perfumes,2025,women and men,,,,vanilla | citrus | white floral | powdery | sweet,8.59,1844,
https://www.fragrantica.com/perfume/Lattafa-Perfumes/The-Kingdom-For-Men-97995.html,The Kingdom For Men Lattafa Perfumes for men,"The Kingdom For Men by Lattafa Perfumes is a Aromatic fragrance for men. This is a new fragrance. The Kingdom For Men was launched in 2024. Top notes are Lavender, Mint and Sage; middle notes are Vanilla, Tobacco and Orange Blossom; base notes are Tonka, Benzoin and Labdanum.",Lattafa Perfumes,2024,men,"Lavender, Mint and Sage","Vanilla, Tobacco and Orange Blossom","Tonka, Benzoin and Labdanum",vanilla | aromatic | sweet | amber | lavender | green | fresh spicy | tobacco | herbal | balsamic,5.34,2495,
https://www.fragrantica.com/perfume/Lattafa-Perfumes/Maahir-Legacy-82727.html,Maahir Legacy Lattafa Perfumes for men,"Maahir Legacy by Lattafa Perfumes is a fragrance for men. Maahir Legacy was launched in 2023. Top notes are Lime, Mint, Grapefruit, Lavender and Pineapple; middle notes are Black Pepper, Rosemary, juniper berry, Geranium and Frankincense; base notes are Ambroxan, Vetiver, Oakmoss, Cashmeran and Tonka Bean.",Lattafa Perfumes,2023,men,"Lime, Mint, Grapefruit, Lavender and Pineapple","Black Pepper, Rosemary, juniper berry, Geranium and Frankincense","Ambroxan, Vetiver, Oakmoss, Cashmeran and Tonka Bean",aromatic | fresh spicy | citrus | green | woody | amber | sweet | lavender | musky,7.79,3554,
https://www.fragrantica.com/perfume/Lattafa-Perfumes/Ameer-Al-Oudh-Intense-Oud-64947.html,Ameer Al Oudh Intense Oud Lattafa Perfumes for women and men,"Ameer Al Oudh Intense Oud by Lattafa Perfumes is a Oriental fragrance for women and men. Ameer Al Oudh Intense Oud was launched in 2021. Top notes are Woodsy Notes and Agarwood (Oud); middle notes are Sugar and Vanilla; base notes are Agarwood (Oud), Sandalwood and Herbal Notes.",Lattafa Perfumes,2021,women and men,Woodsy Notes and Agarwood (Oud),Sugar and Vanilla,"Agarwood (Oud), Sandalwood and Herbal Notes",woody | vanilla | sweet | oud | powdery | Next | Stay,6.24,5673,
https://www.fragrantica.com/perfume/Lattafa-Perfumes/Khamrah-Dukhan-104529.html,Khamrah Dukhan Lattafa Perfumes for men,"Khamrah Dukhan by Lattafa Perfumes is a Oriental fragrance for men. This is a new fragrance. Khamrah Dukhan was launched in 2025. Top notes are Spices, Pimento and Mandarin; middle notes are Incense, Labdanum, Orange Blossom and Patchouli; base notes are Praline, Tobacco, Amber, Tonka Bean and Benzoin.",Lattafa Perfumes,2025,men,"Spices, Pimento and Mandarin","Incense, Labdanum, Orange Blossom and Patchouli","Praline, Tobacco, Amber, Tonka Bean and Benzoin",amber | warm spicy | sweet | tobacco | balsamic | vanilla | smoky | Next | Stay,7.29,1867,
https://www.fragrantica.com/perfume/Lattafa-Perfumes/Opulent-Dubai-105609.html,Opulent Dubai Lattafa Perfumes for women and men,"Opulent Dubai by Lattafa Perfumes is a Oriental Floral fragrance for women and men. This is a new fragrance. Opulent Dubai was launched in 2025. Top notes are Mango, Grapefruit, Lemon and Ginger; middle notes are Jasmine, Cedarwood and Violet; base notes are Woodsy Notes, Ambergris, Benzoin and Oakmoss.",Lattafa Perfumes,2025,women and men,"Mango, Grapefruit, Lemon and Ginger","Jasmine, Cedarwood and Violet","Woodsy Notes, Ambergris, Benzoin and Oakmoss",citrus | tropical | fruity | sweet | woody | fresh spicy | fresh | terpenic | aromatic | white floral,0.79,1751,
https://www.fragrantica.com/perfume/Lattafa-Perfumes/Noble-Blush-98937.html,Noble Blush Lattafa Perfumes for women,"Noble Blush by Lattafa Perfumes is a Floral Fruity Gourmand fragrance for women. This is a new fragrance. Noble Blush was launched in 2024. Top note is Rose Milk; middle notes are Meringue and Almond; base notes are Vanilla, Musk and Sandalwood.",Lattafa Perfumes,2024,women,,Meringue and Almond,"Vanilla, Musk and Sandalwood",sweet | powdery | almond | vanilla | musky | woody | nutty | fruity,3.99,1917,
https://www.fragrantica.com/perfume/Dior/Sauvage-31861.html,Sauvage Dior for men,"Sauvage by Dior is a Aromatic Fougere fragrance for men. Sauvage was launched in 2015. The nose behind this fragrance is François Demachy. Top notes are Calabrian bergamot and Pepper; middle notes are Sichuan Pepper, Lavender, Pink Pepper, Vetiver, Patchouli, Geranium and elemi; base notes are Ambroxan, Cedar and Labdanum.",Dior,2015,men,Calabrian bergamot and Pepper,"Sichuan Pepper, Lavender, Pink Pepper, Vetiver, Patchouli, Geranium and elemi","Ambroxan, Cedar and Labdanum",fresh spicy | amber | citrus | aromatic | musky | woody | lavender | herbal | warm spicy,2.99,31772,
https://www.fragrantica.com/perfume/Dior/Dior-Homme-Intense-2011-13016.html,Dior Homme Intense 2011 Dior for men,"Dior Homme Intense 2011 by Dior is a Woody Floral Musk fragrance for men. Dior Homme Intense 2011 was launched in 2011. The nose behind this fragrance is François Demachy. Top note is Lavender; middle notes are Iris, Ambrette (Musk Mallow) and Pear; base notes are Virginia Cedar and Vetiver.",Dior,2011,men,,"Iris, Ambrette (Musk Mallow) and Pear",Virginia Cedar and Vetiver,iris | woody | powdery | earthy | aromatic | violet | floral | lavender | musky | fruity,3.97,24072,
https://www.fragrantica.com/perfume/Dior/Sauvage-Elixir-68415.html,Sauvage Elixir Dior for men,"Sauvage Elixir by Dior is a Aromatic fragrance for men. Sauvage Elixir was launched in 2021. The nose behind this fragrance is François Demachy. Top notes are Nutmeg, Cinnamon, Cardamom and Grapefruit; middle note is Lavender; base notes are Licorice, Sandalwood, Amber, Patchouli and Haitian Vetiver.",Dior,2021,men,"Nutmeg, Cinnamon, Cardamom and Grapefruit",,"Licorice, Sandalwood, Amber, Patchouli and Haitian Vetiver",warm spicy | fresh spicy | woody | aromatic | lavender | soft spicy | cinnamon | amber | powdery | balsamic,5.97,17682,
https://www.fragrantica.com/perfume/Dior/Hypnotic-Poison-219.html,Hypnotic Poison Dior for women,"Hypnotic Poison by Dior is a Oriental Vanilla fragrance for women. Hypnotic Poison was launched in 1998. The nose behind this fragrance is Annick Menardo. Top notes are Coconut, Plum and Apricot; middle notes are Brazilian Rosewood, Jasmine, Tuberose, Caraway, Rose and Lily-of-the-Valley; base notes are Vanilla, Almond, Sandalwood and Musk.",Dior,1998,women,"Coconut, Plum and Apricot","Brazilian Rosewood, Jasmine, Tuberose, Caraway, Rose and Lily-of-the-Valley","Vanilla, Almond, Sandalwood and Musk",vanilla | sweet | almond | fruity | nutty | powdery | woody | coconut | white floral | balsamic,2.99,29477,
https://www.fragrantica.com/perfume/Dior/Sauvage-Eau-de-Parfum-48100.html,Sauvage Eau de Parfum Dior for men,"Sauvage Eau de Parfum by Dior is a Oriental Fougere fragrance for men. Sauvage Eau de Parfum was launched in 2018. The nose behind this fragrance is François Demachy. Top note is Bergamot; middle notes are Sichuan Pepper, Lavender, Star Anise and Nutmeg; base notes are Ambroxan and Vanilla.",Dior,2018,men,,"Sichuan Pepper, Lavender, Star Anise and Nutmeg",Ambroxan and Vanilla,fresh spicy | citrus | amber | lavender | musky | aromatic | herbal | anis | soft spicy | floral,0.14,13669,
https://www.fragrantica.com/perfume/Dior/J-adore-210.html,J'adore Dior for women,"J'adore by Dior is a Floral Fruity fragrance for women. J'adore was launched in 1999. The nose behind this fragrance is Calice Becker. Top notes are Pear, Melon, Magnolia, Peach, Mandarin Orange and Bergamot; middle notes are Jasmine, Lily-of-the-Valley, Tuberose, Freesia, Rose, Orchid, Violet and Plum; base notes are Musk, Vanilla, Cedar and Blackberry. This perfume is the winner of award FiFi Award Best National Advertising Campaign / TV 2007.",Dior,1999,women,"Pear, Melon, Magnolia, Peach, Mandarin Orange and Bergamot","Jasmine, Lily-of-the-Valley, Tuberose, Freesia, Rose, Orchid, Violet and Plum","Musk, Vanilla, Cedar and Blackberry",white floral | floral | fruity | sweet | fresh | citrus | aquatic | powdery | ozonic | tuberose,2.99,28727,
https://www.fragrantica.com/perfume/Dior/Dior-Homme-Parfum-2025-101016.html,Dior Homme Parfum 2025 Dior for men,Dior Homme Parfum 2025 by Dior is a Oriental fragrance for men. This is a new fragrance. Dior Homme Parfum 2025 was launched in 2025. The nose behind this fragrance is Francis Kurkdjian. Top note is Iris; middle note is Amber; base notes are Patchouli and Vetiver.,Dior,2025,men,,,Patchouli and Vetiver,amber | woody | earthy | iris | powdery | patchouli | violet | warm spicy | aromatic | animalic,1.3,3941,
https://www.fragrantica.com/perfume/Dior/Dior-Homme-Parfum-27417.html,Dior Homme Parfum Dior for men,"Dior Homme Parfum by Dior is a Leather fragrance for men. Dior Homme Parfum was launched in 2014. The nose behind this fragrance is François Demachy. Top notes are Tuscan Iris and Italian Orange; middle notes are Leather and Rose; base notes are Sandalwood, Ambrette (Musk Mallow), Agarwood (Oud) and Cedar.",Dior,2014,men,Tuscan Iris and Italian Orange,Leather and Rose,"Sandalwood, Ambrette (Musk Mallow), Agarwood (Oud) and Cedar",iris | woody | powdery | leather | violet | floral | animalic | earthy | rose | oud,5.84,10084,
https://www.fragrantica.com/perfume/Dior/Fahrenheit-228.html,Fahrenheit Dior for men,"Fahrenheit by Dior is a Aromatic Fougere fragrance for men. Fahrenheit was launched in 1988. Fahrenheit was created by Jean-Louis Sieuzac, Michel Almairac and Maurice Roger. Top notes are Nutmeg Flower, Lavender, Cedar, Mandarin Orange, Chamomile, Bergamot, Hawthorn and Lemon; middle notes are Violet Leaf, Nutmeg, Cedar, Sandalwood, Carnation, Honeysuckle, Jasmine and Lily-of-the-Valley; base notes are Leather, Vetiver, Musk, Amber, Patchouli and Tonka Bean.",Dior,1988,men,"Nutmeg Flower, Lavender, Cedar, Mandarin Orange, Chamomile, Bergamot, Hawthorn and Lemon","Violet Leaf, Nutmeg, Cedar, Sandalwood, Carnation, Honeysuckle, Jasmine and Lily-of-the-Valley","Leather, Vetiver, Musk, Amber, Patchouli and Tonka Bean",leather | woody | ozonic | fresh spicy | aromatic | animalic | aquatic | floral | citrus | green,2.99,21951,
https://www.fragrantica.com/perfume/Dior/Dior-Homme-2020-58714.html,Dior Homme 2020 Dior for men,"Dior Homme 2020 by Dior is a Woody fragrance for men. Dior Homme 2020 was launched in 2020. The nose behind this fragrance is François Demachy. Top notes are Bergamot, Pink Pepper and elemi; middle notes are Atlas Cedar, Cashmere Wood and Patchouli; base notes are Iso E Super, Haitian Vetiver and White Musk.",Dior,2020,men,"Bergamot, Pink Pepper and elemi","Atlas Cedar, Cashmere Wood and Patchouli","Iso E Super, Haitian Vetiver and White Musk",woody | musky | aromatic | amber | citrus | powdery,4.8,8850,
https://www.fragrantica.com/perfume/Dior/Dior-Homme-Sport-2021-71326.html,Dior Homme Sport 2021 Dior for men,"Dior Homme Sport 2021 by Dior is a Woody Spicy fragrance for men. Dior Homme Sport 2021 was launched in 2022. The nose behind this fragrance is François Demachy. Top notes are Lemon, Bergamot and Aldehydes; middle notes are elemi and Pink Pepper; base notes are Woody Notes, Amber and Olibanum.",Dior,2022,men,"Lemon, Bergamot and Aldehydes",elemi and Pink Pepper,"Woody Notes, Amber and Olibanum",citrus | aromatic | woody | fresh spicy | amber | aldehydic | fresh | balsamic,3.5,5813,
https://www.fragrantica.com/perfume/Dior/Dior-Homme-Intense-2025-101596.html,Dior Homme Intense 2025 Dior for men,Dior Homme Intense 2025 by Dior is a Oriental Woody fragrance for men. This is a new fragrance. Dior Homme Intense 2025 was launched in 2025. Top note is Tuscan Iris; middle note is Ambrette; base note is Virginia Cedar.,Dior,2025,men,,,,iris | woody | powdery | musky | violet | floral | earthy,4.09,1767,
https://www.fragrantica.com/perfume/Dior/Miss-Dior-Eau-de-Parfum-2021-68905.html,Miss Dior Eau de Parfum (2021) Dior for women,"Miss Dior Eau de Parfum (2021) by Dior is a Oriental Floral fragrance for women. Miss Dior Eau de Parfum (2021) was launched in 2021. The nose behind this fragrance is François Demachy. Top notes are Iris, Peony and Lily-of-the-Valley; middle notes are Rose, Apricot and Peach; base notes are Vanilla, Musk, Tonka Bean, Sandalwood and Benzoin.",Dior,2021,women,"Iris, Peony and Lily-of-the-Valley","Rose, Apricot and Peach","Vanilla, Musk, Tonka Bean, Sandalwood and Benzoin",powdery | vanilla | rose | floral | fruity | sweet | fresh | iris | musky | amber,2.4,6608,
https://www.fragrantica.com/perfume/Dior/Dior-Homme-Cologne-2022-72062.html,Dior Homme Cologne 2022 Dior for men,Dior Homme Cologne 2022 by Dior is a Citrus Aromatic fragrance for men. Dior Homme Cologne 2022 was launched in 2022. The nose behind this fragrance is François Demachy. Top note is Calabrian bergamot; middle note is Grapefruit blossom; base note is White Musk.,Dior,2022,men,,,,citrus | musky | fresh spicy | white floral | powdery | aromatic,1.1,4463,
https://www.fragrantica.com/perfume/Dior/Pure-Poison-214.html,Pure Poison Dior for women,"Pure Poison by Dior is a Floral fragrance for women. Pure Poison was launched in 2004. Pure Poison was created by Carlos Benaïm, Dominique Ropion and Olivier Polge. Top notes are Jasmine, Orange, Bergamot and Sicilian Mandarin; middle notes are Gardenia and Orange Blossom; base notes are Sandalwood, White Amber, Cedar and White Musk.",Dior,2004,women,"Jasmine, Orange, Bergamot and Sicilian Mandarin",Gardenia and Orange Blossom,"Sandalwood, White Amber, Cedar and White Musk",white floral | citrus | woody | powdery | animalic,2.99,17207,
https://www.fragrantica.com/perfume/Dior/Vanilla-Diorama-68198.html,Vanilla Diorama Dior for women and men,"Vanilla Diorama by Dior is a Oriental Vanilla fragrance for women and men. Vanilla Diorama was launched in 2021. The nose behind this fragrance is François Demachy. Top notes are Orange, Pink Pepper and Lemon; middle notes are Rum, Cacao and Cardamom; base notes are Bourbon Vanilla, Sandalwood and Patchouli.",Dior,2021,women and men,"Orange, Pink Pepper and Lemon","Rum, Cacao and Cardamom","Bourbon Vanilla, Sandalwood and Patchouli",warm spicy | vanilla | woody | citrus | rum | sweet | cacao | powdery | soft spicy | aromatic,7.99,2908,
https://www.fragrantica.com/perfume/Dior/Poison-218.html,Poison Dior for women,"Poison by Dior is a Oriental Floral fragrance for women. Poison was launched in 1985. Poison was created by Edouard Flechier and Maurice Roger. Top notes are Plum, Wild Berries, Coriander, Anise and Brazilian Rosewood; middle notes are Tuberose, Incense, White Honey, Cinnamon, Opoponax, Carnation, Jasmine, African Orange Flower and Rose; base notes are Vanille, Amber, Sandalwood, Heliotrope, Musk, Vetiver and Virginia Cedar.",Dior,1985,women,"Plum, Wild Berries, Coriander, Anise and Brazilian Rosewood","Tuberose, Incense, White Honey, Cinnamon, Opoponax, Carnation, Jasmine, African Orange Flower and Rose","Vanille, Amber, Sandalwood, Heliotrope, Musk, Vetiver and Virginia Cedar",fruity | sweet | amber | white floral | woody | warm spicy | tuberose | balsamic | floral | honey,2.99,15971,
https://www.fragrantica.com/perfume/Dior/Miss-Dior-Blooming-Bouquet-23280.html,Miss Dior Blooming Bouquet Dior for women,"Miss Dior Blooming Bouquet by Dior is a Floral Fruity fragrance for women. Miss Dior Blooming Bouquet was launched in 2014. The nose behind this fragrance is Louise Turner. Top note is Sicilian Mandarin; middle notes are Pink Peony, Damask Rose, Apricot and Peach; base note is White Musk.",Dior,2014,women,,"Pink Peony, Damask Rose, Apricot and Peach",,floral | rose | fresh | fruity | musky | citrus | powdery | sweet,2.99,11062,
https://www.fragrantica.com/perfume/Dior/Gris-Dior-48387.html,Gris Dior Dior for women and men,"Gris Dior by Dior is a Floral fragrance for women and men. Gris Dior was launched in 2017. The nose behind this fragrance is François Demachy. The fragrance features Oakmoss, Rose, Patchouli, Bergamot, Cedar, Amber and Sandalwood.",Dior,2017,women and men,,,,woody | earthy | mossy | rose | patchouli | citrus | warm spicy | amber | powdery | floral,4.00,3530,
https://www.fragrantica.com/perfume/Dior/Sauvage-Parfum-56324.html,Sauvage Parfum Dior for men,"Sauvage Parfum by Dior is a Oriental Fougere fragrance for men. Sauvage Parfum was launched in 2019. The nose behind this fragrance is François Demachy. Top notes are Bergamot, Mandarin Orange and elemi; middle note is Sandalwood; base notes are Olibanum, Tonka Bean and Vanilla.",Dior,2019,men,"Bergamot, Mandarin Orange and elemi",,"Olibanum, Tonka Bean and Vanilla",citrus | woody | amber | aromatic | vanilla | fresh spicy | warm spicy | powdery | balsamic | sweet,3.00,5761,
https://www.fragrantica.com/perfume/Dior/Tobacolor-65551.html,Tobacolor Dior for women and men,"Tobacolor by Dior is a Oriental fragrance for women and men. Tobacolor was launched in 2021. The nose behind this fragrance is François Demachy. The fragrance features Tobacco, Tobacco Leaf, Honey, Smoke, Plum, Amber, Oriental notes, White Tobacco, Peach and Citruses.",Dior,2021,women and men,,,,sweet | tobacco | honey | amber | fruity | smoky | warm spicy | white floral | floral | animalic,1.00,2724,
https://www.fragrantica.com/perfume/Dior/Miss-Dior-Essence-112972.html,Miss Dior Essence Dior for women,Miss Dior Essence by Dior is a Chypre Floral fragrance for women. This is a new fragrance. Miss Dior Essence was launched in 2025. The nose behind this fragrance is Francis Kurkdjian. Top notes are Blackberry and Black Elder; middle notes are Jasmine Sambac and Jasmine; base notes are Woody Notes and Oak.,Dior,2025,women,Blackberry and Black Elder,Jasmine Sambac and Jasmine,Woody Notes and Oak,fruity | woody | sweet | white floral | floral,7.99,1289,
https://www.fragrantica.com/perfume/Dior/Miss-Dior-Parfum-2024-89584.html,Miss Dior Parfum (2024) Dior for women,"Miss Dior Parfum (2024) by Dior is a Chypre Fruity fragrance for women. Miss Dior Parfum (2024) was launched in 2024. Miss Dior Parfum (2024) was created by Francis Kurkdjian and François Demachy. Top notes are Apricot, Peach and Mandarin Orange; middle notes are Wild Strawberry, Floral Notes and Jasmine; base notes are Patchouli, Amberwood, Amber, Moss and Atlas Cedar.",Dior,2024,women,"Apricot, Peach and Mandarin Orange","Wild Strawberry, Floral Notes and Jasmine","Patchouli, Amberwood, Amber, Moss and Atlas Cedar",woody | fruity | amber | sweet | earthy | patchouli | floral | warm spicy | white floral | citrus,4.01,2306,
https://www.fragrantica.com/perfume/Dior/Poison-Girl-35561.html,Poison Girl Dior for women,"Poison Girl by Dior is a Oriental Vanilla fragrance for women. Poison Girl was launched in 2016. The nose behind this fragrance is François Demachy. Top notes are Bitter Orange and Lemon; middle notes are Damask Rose, Grasse Rose and Orange Blossom; base notes are Vanilla, Almond, Tonka Bean, Tolu Balsam, Sandalwood, Heliotrope and Cashmeran.",Dior,2016,women,Bitter Orange and Lemon,"Damask Rose, Grasse Rose and Orange Blossom","Vanilla, Almond, Tonka Bean, Tolu Balsam, Sandalwood, Heliotrope and Cashmeran",vanilla | sweet | almond | powdery | citrus | amber | nutty | woody | fruity | warm spicy,3.8,9627,
https://www.fragrantica.com/perfume/Dior/Fahrenheit-Le-Parfum-23099.html,Fahrenheit Le Parfum Dior for men,"Fahrenheit Le Parfum by Dior is a Oriental Spicy fragrance for men. Fahrenheit Le Parfum was launched in 2014. The nose behind this fragrance is François Demachy. Top notes are Suede, Licorice and Sicilian Mandarin; middle notes are Violet Leaf, Rum, Coriander and Cumin; base note is Bourbon Vanilla.",Dior,2014,men,"Suede, Licorice and Sicilian Mandarin","Violet Leaf, Rum, Coriander and Cumin",,vanilla | ozonic | soft spicy | rum | aquatic | leather | powdery | sweet | musky | citrus,3.24,5375,
https://www.fragrantica.com/perfume/Yves-Saint-Laurent/Y-Eau-de-Parfum-50757.html,Y Eau de Parfum Yves Saint Laurent for men,"Y Eau de Parfum by Yves Saint Laurent is a Aromatic Fougere fragrance for men. Y Eau de Parfum was launched in 2018. Y Eau de Parfum was created by Dominique Ropion and Claire Liégent. Top notes are Apple, Ginger and Bergamot; middle notes are Sage, Juniper Berries and Geranium; base notes are Amberwood, Tonka Bean, Cedar, Vetiver and Olibanum.",Yves Saint Laurent,2018,men,"Apple, Ginger and Bergamot","Sage, Juniper Berries and Geranium","Amberwood, Tonka Bean, Cedar, Vetiver and Olibanum",aromatic | fresh spicy | woody | fruity | amber | fresh | citrus | herbal | green | warm spicy,9.09,25615,
https://www.fragrantica.com/perfume/Yves-Saint-Laurent/MYSLF-Eau-de-Parfum-84094.html,MYSLF Eau de Parfum Yves Saint Laurent for men,"MYSLF Eau de Parfum by Yves Saint Laurent is a Aromatic fragrance for men. MYSLF Eau de Parfum was launched in 2023. MYSLF Eau de Parfum was created by Christophe Raynaud, Antoine Maisondieu and Daniela Andrier. Top notes are Calabrian bergamot and Bergamot; middle note is Tunisian Orange Blossom; base notes are Ambrofix™ and Patchouli.",Yves Saint Laurent,2023,men,Calabrian bergamot and Bergamot,,Ambrofix™ and Patchouli,citrus | white floral | patchouli | fresh spicy | woody | sweet,3.97,11657,
https://www.fragrantica.com/perfume/Yves-Saint-Laurent/Black-Opium-25324.html,Black Opium Yves Saint Laurent for women,"Black Opium by Yves Saint Laurent is a Oriental Vanilla fragrance for women. Black Opium was launched in 2014. Black Opium was created by Nathalie Lorson, Marie Salamagne, Olivier Cresp and Honorine Blanc. Top notes are Pear, Pink Pepper and Orange Blossom; middle notes are Coffee, Jasmine, Bitter Almond and Licorice; base notes are Vanilla, Patchouli, Cashmere Wood and Cedar.",Yves Saint Laurent,2014,women,"Pear, Pink Pepper and Orange Blossom","Coffee, Jasmine, Bitter Almond and Licorice","Vanilla, Patchouli, Cashmere Wood and Cedar",vanilla | coffee | sweet | white floral | warm spicy | soft spicy | woody | fruity | balsamic | powdery,3.97,33326,
https://www.fragrantica.com/perfume/Yves-Saint-Laurent/Libre-56077.html,Libre Yves Saint Laurent for women,"Libre by Yves Saint Laurent is a Oriental Fougere fragrance for women. Libre was launched in 2019. Libre was created by Anne Flipo and Carlos Benaïm. Top notes are Lavender, Mandarin Orange, Black Currant and Petitgrain; middle notes are Lavender, Orange Blossom and Jasmine; base notes are Madagascar Vanilla, Musk, Cedar and Ambergris.",Yves Saint Laurent,2019,women,"Lavender, Mandarin Orange, Black Currant and Petitgrain","Lavender, Orange Blossom and Jasmine","Madagascar Vanilla, Musk, Cedar and Ambergris",white floral | citrus | lavender | vanilla | aromatic | sweet | powdery | animalic | musky | woody,3.97,20891,
https://www.fragrantica.com/perfume/Yves-Saint-Laurent/La-Nuit-de-l-Homme-5521.html,La Nuit de l'Homme Yves Saint Laurent for men,"La Nuit de l'Homme by Yves Saint Laurent is a Woody Spicy fragrance for men. La Nuit de l'Homme was launched in 2009. La Nuit de l'Homme was created by Anne Flipo, Pierre Wargnye and Dominique Ropion. Top note is Cardamom; middle notes are Lavender, Virginia Cedar and Bergamot; base notes are Vetiver and Caraway.",Yves Saint Laurent,2009,men,,"Lavender, Virginia Cedar and Bergamot",Vetiver and Caraway,aromatic | warm spicy | lavender | woody | fresh spicy | citrus,2.97,23800,
https://www.fragrantica.com/perfume/Yves-Saint-Laurent/Babycat-73149.html,Babycat Yves Saint Laurent for women and men,"Babycat by Yves Saint Laurent is a Oriental Spicy fragrance for women and men. Babycat was launched in 2022. Babycat was created by Dominique Ropion and Claire Liégent. Top notes are Black and Pink Pepper, Black Pepper, elemi and Pink Pepper; middle notes are Olibanum and Saffron; base notes are Bourbon Vanilla, Suede and Cedar.",Yves Saint Laurent,2022,women and men,"Black and Pink Pepper, Black Pepper, elemi and Pink Pepper",Olibanum and Saffron,"Bourbon Vanilla, Suede and Cedar",vanilla | fresh spicy | leather | warm spicy | powdery | amber | musky | aromatic | balsamic | woody,7.99,4651,
https://www.fragrantica.com/perfume/Yves-Saint-Laurent/MYSLF-Le-Parfum-94983.html,MYSLF Le Parfum Yves Saint Laurent for men,"MYSLF Le Parfum by Yves Saint Laurent is a Oriental Woody fragrance for men. MYSLF Le Parfum was launched in 2024. MYSLF Le Parfum was created by Daniela Andrier, Antoine Maisondieu and Christophe Raynaud. Top note is Black Pepper; middle note is Orange Blossom; base notes are Bourbon Vanilla, Amber, Woody Notes and Patchouli.",Yves Saint Laurent,2024,men,,,"Bourbon Vanilla, Amber, Woody Notes and Patchouli",white floral | vanilla | woody | citrus | amber | sweet | fresh spicy | patchouli | warm spicy | powdery,3.97,3999,
https://www.fragrantica.com/perfume/Yves-Saint-Laurent/Black-Opium-Over-Red-88707.html,Black Opium Over Red Yves Saint Laurent for women,"Black Opium Over Red by Yves Saint Laurent is a Floral Fruity Gourmand fragrance for women. Black Opium Over Red was launched in 2024. Black Opium Over Red was created by Honorine Blanc, Nathalie Lorson, Marie Salamagne and Olivier Cresp. Top notes are Cherry and Green Mandarin; middle notes are Jasmine, Orange Blossom and Black Tea; base notes are Madagascar Vanilla, Coffee and Indonesian Patchouli Leaf.",Yves Saint Laurent,2024,women,Cherry and Green Mandarin,"Jasmine, Orange Blossom and Black Tea","Madagascar Vanilla, Coffee and Indonesian Patchouli Leaf",cherry | vanilla | sweet | coffee | white floral | warm spicy | citrus | patchouli | powdery | nutty,8.19,5351,
https://www.fragrantica.com/perfume/Yves-Saint-Laurent/Libre-Intense-62318.html,Libre Intense Yves Saint Laurent for women,"Libre Intense by Yves Saint Laurent is a Oriental Fougere fragrance for women. Libre Intense was launched in 2020. Libre Intense was created by Anne Flipo and Carlos Benaïm. Top notes are Lavender, Mandarin Orange and Bergamot; middle notes are Lavender, Tunisian Orange Blossom, Jasmine Sambac and Orchid; base notes are Madagascar Vanilla, Tonka Bean, Ambergris and Vetiver.",Yves Saint Laurent,2020,women,"Lavender, Mandarin Orange and Bergamot","Lavender, Tunisian Orange Blossom, Jasmine Sambac and Orchid","Madagascar Vanilla, Tonka Bean, Ambergris and Vetiver",vanilla | white floral | citrus | lavender | sweet | aromatic | amber | powdery | floral | fresh spicy,4.97,10727,
https://www.fragrantica.com/perfume/Yves-Saint-Laurent/Tuxedo-32269.html,Tuxedo Yves Saint Laurent for women and men,"Tuxedo by Yves Saint Laurent is a Chypre fragrance for women and men. Tuxedo was launched in 2015. The nose behind this fragrance is Juliette Karagueuzoglou. Top notes are Violet Leaf, Coriander and Bergamot; middle notes are Rose, Black Pepper and Lily-of-the-Valley; base notes are Patchouli, Bourbon Vanilla and Ambergris.",Yves Saint Laurent,2015,women and men,"Violet Leaf, Coriander and Bergamot","Rose, Black Pepper and Lily-of-the-Valley","Patchouli, Bourbon Vanilla and Ambergris",patchouli | vanilla | amber | ozonic | fresh spicy | warm spicy | balsamic | woody | rose | aquatic,7.99,4425,
https://www.fragrantica.com/perfume/Yves-Saint-Laurent/MYSLF-L-Absolu-107428.html,MYSLF L’Absolu Yves Saint Laurent for men,"MYSLF L’Absolu by Yves Saint Laurent is a Woody Spicy fragrance for men. This is a new fragrance. MYSLF L’Absolu was launched in 2025. The nose behind this fragrance is Christophe Raynaud. Top notes are Ginger, Bergamot and Cardamom; middle notes are Orange Blossom and Floral Notes; base note is Patchouli.",Yves Saint Laurent,2025,men,"Ginger, Bergamot and Cardamom",Orange Blossom and Floral Notes,,citrus | white floral | fresh spicy | floral | warm spicy | patchouli | woody | aromatic | fresh | sweet,4.97,2176,
https://www.fragrantica.com/perfume/Yves-Saint-Laurent/Y-Le-Parfum-64718.html,Y Le Parfum Yves Saint Laurent for men,"Y Le Parfum by Yves Saint Laurent is a Oriental Fougere fragrance for men. Y Le Parfum was launched in 2021. Y Le Parfum was created by Dominique Ropion and Claire Liégent. Top notes are Apple, Aldehydes, Grapefruit and Ginger; middle notes are Lavender, Sage and Geranium; base notes are Tonka Bean, Cedar, Olibanum and Patchouli.",Yves Saint Laurent,2021,men,"Apple, Aldehydes, Grapefruit and Ginger","Lavender, Sage and Geranium","Tonka Bean, Cedar, Olibanum and Patchouli",aromatic | fresh spicy | fresh | fruity | herbal | lavender | woody | citrus | aldehydic | amber,3.09,5790,
https://www.fragrantica.com/perfume/Yves-Saint-Laurent/Mon-Paris-38914.html,Mon Paris Yves Saint Laurent for women,"Mon Paris by Yves Saint Laurent is a Chypre Fruity fragrance for women. Mon Paris was launched in 2016. Mon Paris was created by Olivier Cresp, Harry Fremont and Dora Baghriche. Top notes are Strawberry, Raspberry, Pear, Orange, Calabrian bergamot, Tangerine and Calone; middle notes are Peony, Jasmine Sambac, Chinese Jasmine, Datura and Orange Blossom; base notes are Indonesian Patchouli Leaf, Patchouli, White Musk, Vanila, Ambroxan, Moss and Cedar.",Yves Saint Laurent,2016,women,"Strawberry, Raspberry, Pear, Orange, Calabrian bergamot, Tangerine and Calone","Peony, Jasmine Sambac, Chinese Jasmine, Datura and Orange Blossom","Indonesian Patchouli Leaf, Patchouli, White Musk, Vanila, Ambroxan, Moss and Cedar",fruity | sweet | fresh | white floral | patchouli | citrus | woody | floral | musky,3.97,10062,
https://www.fragrantica.com/perfume/Yves-Saint-Laurent/Y-Eau-de-Parfum-Intense-79243.html,Y Eau de Parfum Intense Yves Saint Laurent for men,"Y Eau de Parfum Intense by Yves Saint Laurent is a Aromatic Fougere fragrance for men. Y Eau de Parfum Intense was launched in 2023. Y Eau de Parfum Intense was created by Dominique Ropion and Claire Liégent. Top notes are Ginger, Juniper Berries and Bergamot; middle notes are Sage, Lavender and Geranium; base notes are Vetiver, Patchouli and Cedar.",Yves Saint Laurent,2023,men,"Ginger, Juniper Berries and Bergamot","Sage, Lavender and Geranium","Vetiver, Patchouli and Cedar",aromatic | fresh spicy | woody | herbal | citrus | earthy | patchouli | lavender,6.24,3140,
https://www.fragrantica.com/perfume/Yves-Saint-Laurent/Libre-Le-Parfum-75676.html,Libre Le Parfum Yves Saint Laurent for women,"Libre Le Parfum by Yves Saint Laurent is a Oriental Floral fragrance for women. Libre Le Parfum was launched in 2022. Libre Le Parfum was created by Anne Flipo and Carlos Benaïm. Top notes are Ginger, Saffron, Mandarin Orange and Bergamot; middle notes are Orange Blossom and Lavender; base notes are Bourbon Vanilla, Honey, Tonka Bean and Vetiver.",Yves Saint Laurent,2022,women,"Ginger, Saffron, Mandarin Orange and Bergamot",Orange Blossom and Lavender,"Bourbon Vanilla, Honey, Tonka Bean and Vetiver",vanilla | sweet | citrus | honey | white floral | lavender | fresh spicy | aromatic | warm spicy | floral,3.99,4768,
https://www.fragrantica.com/perfume/Yves-Saint-Laurent/Babycat-Raw-Bourbon-104191.html,Babycat Raw Bourbon Yves Saint Laurent for women and men,"Babycat Raw Bourbon by Yves Saint Laurent is a Oriental Woody fragrance for women and men. This is a new fragrance. Babycat Raw Bourbon was launched in 2025. The nose behind this fragrance is Dominique Ropion. Top notes are Black Pepper and Pink Pepper; middle notes are Saffron, Olibanum and Resins; base notes are Vanilla, Suede and Cedarwood.",Yves Saint Laurent,2025,women and men,Black Pepper and Pink Pepper,"Saffron, Olibanum and Resins","Vanilla, Suede and Cedarwood",vanilla | amber | leather | warm spicy | fresh spicy | powdery | musky | woody | balsamic | soft spicy,4.59,929,
https://www.fragrantica.com/perfume/Yves-Saint-Laurent/Libre-Vanille-Couture-113623.html,Libre Vanille Couture Yves Saint Laurent for women,"Libre Vanille Couture by Yves Saint Laurent is a Oriental Vanilla fragrance for women. This is a new fragrance. Libre Vanille Couture was launched in 2025. The fragrance features Bourbon Vanilla, Orange Blossom, Vanilla Caviar, Lavender and Rum.",Yves Saint Laurent,2025,women,,,,vanilla | white floral | lavender | sweet | citrus | rum,4.23,1018,
https://www.fragrantica.com/perfume/Yves-Saint-Laurent/Black-Opium-Glitter-100628.html,Black Opium Glitter Yves Saint Laurent for women,"Black Opium Glitter by Yves Saint Laurent is a Oriental Floral fragrance for women. This is a new fragrance. Black Opium Glitter was launched in 2024. Top notes are Green Mandarin, Pear and Lemon; middle note is Orange Blossom; base notes are Vanilla Absolute, Coffee, Marshmallow, Musk and Patchouli.",Yves Saint Laurent,2024,women,"Green Mandarin, Pear and Lemon",,"Vanilla Absolute, Coffee, Marshmallow, Musk and Patchouli",sweet | citrus | vanilla | powdery | white floral | coffee | warm spicy | musky | patchouli | fruity,0.79,1299,
https://www.fragrantica.com/perfume/Yves-Saint-Laurent/Yves-Saint-Laurent-Y-45956.html,Yves Saint Laurent Y Yves Saint Laurent for men,"Yves Saint Laurent Y by Yves Saint Laurent is a Woody Aromatic fragrance for men. Yves Saint Laurent Y was launched in 2017. Yves Saint Laurent Y was created by Dominique Ropion and Claire Liégent. Top notes are Aldehydes, Bergamot, Ginger, Lemon and Mint; middle notes are Apple, Violet Leaf, Pineapple, Sage and Geranium; base notes are Ambergris, Musk, Cedar, Balsam Fir, Vetiver and Incense.",Yves Saint Laurent,2017,men,"Aldehydes, Bergamot, Ginger, Lemon and Mint","Apple, Violet Leaf, Pineapple, Sage and Geranium","Ambergris, Musk, Cedar, Balsam Fir, Vetiver and Incense",fresh spicy | aromatic | fresh | citrus | green | fruity | amber | aldehydic | woody | musky,1.6,4556,
https://www.fragrantica.com/perfume/Yves-Saint-Laurent/Libre-Flowers-Flames-95623.html,Libre Flowers & Flames Yves Saint Laurent for women,"Libre Flowers & Flames by Yves Saint Laurent is a Floral fragrance for women. This is a new fragrance. Libre Flowers & Flames was launched in 2024. Top notes are Lavender and Bergamot; middle notes are Orange Blossom, Lavender, Coconut, Lily and Palm Tree; base note is Vanilla.",Yves Saint Laurent,2024,women,Lavender and Bergamot,"Orange Blossom, Lavender, Coconut, Lily and Palm Tree",,white floral | vanilla | citrus | lavender | sweet | coconut | aromatic | fresh spicy | green,3.97,1688,
https://www.fragrantica.com/perfume/Yves-Saint-Laurent/L-Homme-734.html,L'Homme Yves Saint Laurent for men,"L'Homme by Yves Saint Laurent is a Woody Floral Musk fragrance for men. L'Homme was launched in 2006. L'Homme was created by Anne Flipo, Pierre Wargnye, Dominique Ropion and Juliette Karagueuzoglou. Top notes are Ginger, Bergamot and Lemon; middle notes are Spices, Violet Leaf, White Pepper and Basil; base notes are Tonka Bean, Cedar and Tahitian Vetiver.",Yves Saint Laurent,2006,men,"Ginger, Bergamot and Lemon","Spices, Violet Leaf, White Pepper and Basil","Tonka Bean, Cedar and Tahitian Vetiver",fresh spicy | citrus | aromatic | warm spicy | woody | fresh | vanilla | ozonic | green,2.99,11568,
https://www.fragrantica.com/perfume/Yves-Saint-Laurent/Black-Opium-Le-Parfum-78427.html,Black Opium Le Parfum Yves Saint Laurent for women,"Black Opium Le Parfum by Yves Saint Laurent is a fragrance for women. Black Opium Le Parfum was launched in 2022. Black Opium Le Parfum was created by Nathalie Lorson, Olivier Cresp, Marie Salamagne and Honorine Blanc. Top notes are Pear, Cinnamon and Green Mandarin; middle notes are Jasmine Sambac, Solar Notes and Orange Blossom; base notes are Madagascar Vanilla, Bourbon Vanilla, Vanilla Absolute, Coffee, Vanilla Orchid and Patchouli.",Yves Saint Laurent,2022,women,"Pear, Cinnamon and Green Mandarin","Jasmine Sambac, Solar Notes and Orange Blossom","Madagascar Vanilla, Bourbon Vanilla, Vanilla Absolute, Coffee, Vanilla Orchid and Patchouli",vanilla | warm spicy | coffee | sweet | white floral | powdery | cinnamon | citrus | balsamic | fruity,3.97,3610,
https://www.fragrantica.com/perfume/Yves-Saint-Laurent/Muse-105008.html,Muse Yves Saint Laurent for women and men,"Muse by Yves Saint Laurent is a Woody Floral Musk fragrance for women and men. This is a new fragrance. Muse was launched in 2025. The nose behind this fragrance is Marie Salamagne. Top notes are Lavender, Incense and Clary Sage; middle notes are Orris, Bourbon Vanilla and Ambrette; base notes are Ink and Amberwood.",Yves Saint Laurent,2025,women and men,"Lavender, Incense and Clary Sage","Orris, Bourbon Vanilla and Ambrette",Ink and Amberwood,aromatic | woody | iris | powdery | vanilla | amber | floral | musky | lavender | earthy,4.30,699,
https://www.fragrantica.com/perfume/Yves-Saint-Laurent/Kouros-735.html,Kouros Yves Saint Laurent for men,"Kouros by Yves Saint Laurent is a Aromatic Fougere fragrance for men. Kouros was launched in 1981. The nose behind this fragrance is Pierre Bourdon. Top notes are Aldehydes, Coriander, Clary Sage, Artemisia and Bergamot; middle notes are Patchouli, Carnation, Vetiver, Jasmine, Geranium, Orris Root, Cinnamon and Lavender; base notes are Civet, Musk, Honey, Leather, Oakmoss, Amber, Tonka Bean and Vanilla.",Yves Saint Laurent,1981,men,"Aldehydes, Coriander, Clary Sage, Artemisia and Bergamot","Patchouli, Carnation, Vetiver, Jasmine, Geranium, Orris Root, Cinnamon and Lavender","Civet, Musk, Honey, Leather, Oakmoss, Amber, Tonka Bean and Vanilla",musky | animalic | aromatic | powdery | earthy | leather | honey | warm spicy | woody | aldehydic,3.5,8800,
https://www.fragrantica.com/perfume/Yves-Saint-Laurent/Libre-Berry-Crush-120531.html,Libre Berry Crush Yves Saint Laurent for women,"Libre Berry Crush by Yves Saint Laurent is a Floral Fruity fragrance for women. This is a new fragrance. Libre Berry Crush was launched in 2025. Top notes are Raspberry and Mandarin; middle notes are Orange Blossom and Lavender; base notes are Bourbon Vanilla, Musk and Coconut.",Yves Saint Laurent,2025,women,Raspberry and Mandarin,Orange Blossom and Lavender,"Bourbon Vanilla, Musk and Coconut",sweet | white floral | fruity | lavender | citrus | vanilla | musky | powdery | coconut | aromatic,3.65,794,
https://www.fragrantica.com/perfume/Guerlain/L-Homme-Ideal-Eau-de-Parfum-37735.html,L’Homme Idéal Eau de Parfum Guerlain for men,"L’Homme Idéal Eau de Parfum by Guerlain is a Oriental Woody fragrance for men. L’Homme Idéal Eau de Parfum was launched in 2016. L’Homme Idéal Eau de Parfum was created by Thierry Wasser and Delphine Jelk. Top notes are Almond, Spices, Lavender, Bergamot, Rosemary and Thyme; middle notes are Cherry, Vanilla, Incense and Bulgarian Rose; base notes are Tonka Bean, Leather and Sandalwood.",Guerlain,2016,men,"Almond, Spices, Lavender, Bergamot, Rosemary and Thyme","Cherry, Vanilla, Incense and Bulgarian Rose","Tonka Bean, Leather and Sandalwood",sweet | cherry | vanilla | almond | nutty | warm spicy | fruity | amber | aromatic | leather,4.94,9723,
https://www.fragrantica.com/perfume/Guerlain/Tobacco-Honey-84518.html,Tobacco Honey Guerlain for women and men,"Tobacco Honey by Guerlain is a Oriental Woody fragrance for women and men. Tobacco Honey was launched in 2023. The nose behind this fragrance is Delphine Jelk. Top notes are Honey, Cloves and Anise; middle notes are Tobacco, Vanilla, Tonka and Sesame; base notes are Agarwood (Oud) and Sandalwood.",Guerlain,2023,women and men,"Honey, Cloves and Anise","Tobacco, Vanilla, Tonka and Sesame",Agarwood (Oud) and Sandalwood,sweet | honey | tobacco | vanilla | warm spicy | floral | powdery | oud,1.3,2388,
https://www.fragrantica.com/perfume/Guerlain/Spiritueuse-Double-Vanille-3345.html,Spiritueuse Double Vanille Guerlain for women and men,"Spiritueuse Double Vanille by Guerlain is a Oriental fragrance for women and men. Spiritueuse Double Vanille was launched in 2007. The nose behind this fragrance is Jean-Paul Guerlain. Top notes are Incense, Pink Pepper and Bergamot; middle notes are Cedar, Ylang-Ylang, Bulgarian Rose and Jasmine; base notes are Vanilla and Benzoin.",Guerlain,2007,women and men,"Incense, Pink Pepper and Bergamot","Cedar, Ylang-Ylang, Bulgarian Rose and Jasmine",Vanilla and Benzoin,vanilla | amber | balsamic | warm spicy | woody | sweet | powdery | smoky | soft spicy | yellow floral,3.1,5154,
https://www.fragrantica.com/perfume/Guerlain/Mon-Guerlain-43297.html,Mon Guerlain Guerlain for women,"Mon Guerlain by Guerlain is a Oriental Woody fragrance for women. Mon Guerlain was launched in 2017. Mon Guerlain was created by Thierry Wasser and Delphine Jelk. Top notes are Lavender and Bergamot; middle notes are Iris, Jasmine Sambac and Rose; base notes are Tahitian Vanilla, Coumarin, Australian Sandalwood, Licorice, Benzoin and Patchouli.",Guerlain,2017,women,Lavender and Bergamot,"Iris, Jasmine Sambac and Rose","Tahitian Vanilla, Coumarin, Australian Sandalwood, Licorice, Benzoin and Patchouli",vanilla | lavender | woody | aromatic | powdery | balsamic | sweet | warm spicy | fresh spicy | iris,2.99,15981,
https://www.fragrantica.com/perfume/Guerlain/Shalimar-L-Essence-113241.html,Shalimar L'Essence Guerlain for women,"Shalimar L'Essence by Guerlain is a Oriental fragrance for women. This is a new fragrance. Shalimar L'Essence was launched in 2025. The nose behind this fragrance is Delphine Jelk. Top notes are Incense, Almond and Bergamot; middle notes are Iris, Amber, Rose, Ethylvanillin and Opoponax; base notes are Madagascar Vanilla, Musk, Tonka Bean, Benzoin and Leather.",Guerlain,2025,women,"Incense, Almond and Bergamot","Iris, Amber, Rose, Ethylvanillin and Opoponax","Madagascar Vanilla, Musk, Tonka Bean, Benzoin and Leather",vanilla | powdery | amber | iris | sweet | musky | balsamic | violet | earthy,0.99,1814,
https://www.fragrantica.com/perfume/Guerlain/L-Homme-Ideal-Parfum-90803.html,L'Homme Idéal Parfum Guerlain for men,"L'Homme Idéal Parfum by Guerlain is a Oriental Woody fragrance for men. L'Homme Idéal Parfum was launched in 2024. The nose behind this fragrance is Delphine Jelk. The fragrance features Amaretto, Leather, Musk and Patchouli.",Guerlain,2024,men,,,,almond | fruity | leather | musky | animalic | patchouli | woody | powdery | smoky | warm spicy,1.94,1543,
https://www.fragrantica.com/perfume/Guerlain/Shalimar-Eau-de-Parfum-53.html,Shalimar Eau de Parfum Guerlain for women,"Shalimar Eau de Parfum by Guerlain is a Oriental Spicy fragrance for women. Shalimar Eau de Parfum was launched in 1990. The nose behind this fragrance is Jacques Guerlain. Top notes are Citruses, Bergamot, Lemon, Cedar and Mandarin Orange; middle notes are Iris, Patchouli, Vetiver, Jasmine and Rose; base notes are Incense, Vanilla, Leather, Opoponax, Civet, Sandalwood, Tonka Bean and Musk.",Guerlain,1990,women,"Citruses, Bergamot, Lemon, Cedar and Mandarin Orange","Iris, Patchouli, Vetiver, Jasmine and Rose","Incense, Vanilla, Leather, Opoponax, Civet, Sandalwood, Tonka Bean and Musk",citrus | amber | woody | vanilla | powdery | balsamic | smoky | leather | animalic | warm spicy,7.34,18250,
https://www.fragrantica.com/perfume/Guerlain/Angelique-Noire-1021.html,Angélique Noire Guerlain for women and men,"Angélique Noire by Guerlain is a Oriental Floral fragrance for women and men. Angélique Noire was launched in 2005. The nose behind this fragrance is Daniela Andrier. Top notes are Angelica, Pear and Pink Pepper; middle notes are Jasmine and Caraway; base notes are Angelica, Vanilla and Cedar.",Guerlain,2005,women and men,"Angelica, Pear and Pink Pepper",Jasmine and Caraway,"Angelica, Vanilla and Cedar",musky | vanilla | powdery | amber | sweet | fruity | white floral | woody | soft spicy,2.8,4595,
https://www.fragrantica.com/perfume/Guerlain/Vanille-Planifolia-Extrait-21-87539.html,Vanille Planifolia Extrait 21 Guerlain for women and men,"Vanille Planifolia Extrait 21 by Guerlain is a Oriental Vanilla fragrance for women and men. Vanille Planifolia Extrait 21 was launched in 2023. Vanille Planifolia Extrait 21 was created by Delphine Jelk and Thierry Wasser. The fragrance features Vanilla, Spices, Amber, Opoponax and Musk.",Guerlain,2023,women and men,,,,vanilla | amber | powdery | warm spicy | sweet | balsamic | musky,4.37,1015,
https://www.fragrantica.com/perfume/Guerlain/Habit-Rouge-Parfum-90802.html,Habit Rouge Parfum Guerlain for men,"Habit Rouge Parfum by Guerlain is a Oriental Woody fragrance for men. Habit Rouge Parfum was launched in 2024. The nose behind this fragrance is Delphine Jelk. The fragrance features Vanilla, Rum, Patchouli and Bergamot.",Guerlain,2024,men,,,,vanilla | patchouli | woody | rum | warm spicy | citrus | balsamic | powdery | sweet | earthy,5.44,1603,
https://www.fragrantica.com/perfume/Guerlain/Cuir-Beluga-1019.html,Cuir Béluga Guerlain for women and men,"Cuir Béluga by Guerlain is a Leather fragrance for women and men. Cuir Béluga was launched in 2005. The nose behind this fragrance is Olivier Polge. Top notes are Tangerine and Aldehydes; middle notes are Immortelle and Patchouli; base notes are Vanilla, Suede, Heliotrope and Amber.",Guerlain,2005,women and men,Tangerine and Aldehydes,Immortelle and Patchouli,"Vanilla, Suede, Heliotrope and Amber",vanilla | powdery | leather | sweet | amber | herbal | musky | warm spicy | almond,2.3,4043,
https://www.fragrantica.com/perfume/Guerlain/Aqua-Allegoria-Mandarine-Basilic-2060.html,Aqua Allegoria Mandarine Basilic Guerlain for women,"Aqua Allegoria Mandarine Basilic by Guerlain is a Citrus Aromatic fragrance for women. Aqua Allegoria Mandarine Basilic was launched in 2007. The nose behind this fragrance is Marie Salamagne. Top notes are Clementine, Bitter Orange, Orange Blossom, Green Tea and Ivy; middle notes are Mandarin Orange, Basil, Chamomile and Peony; base notes are Sandalwood and Amber.",Guerlain,2007,women,"Clementine, Bitter Orange, Orange Blossom, Green Tea and Ivy","Mandarin Orange, Basil, Chamomile and Peony",Sandalwood and Amber,citrus | fresh spicy | green | aromatic | fresh | sweet,5.59,8511,
https://www.fragrantica.com/perfume/Guerlain/Peche-Mirage-101040.html,Pêche Mirage Guerlain for women and men,"Pêche Mirage by Guerlain is a Floral Fruity fragrance for women and men. This is a new fragrance. Pêche Mirage was launched in 2025. The nose behind this fragrance is Delphine Jelk. Top notes are Peach, Blackcurrant and Saffron; middle note is Osmanthus; base notes are Leather, Amber and Sandalwood.",Guerlain,2025,women and men,"Peach, Blackcurrant and Saffron",,"Leather, Amber and Sandalwood",fruity | leather | floral | animalic | powdery | soft spicy | woody | warm spicy,3.90,1020,
https://www.fragrantica.com/perfume/Guerlain/Neroli-Outrenoir-40345.html,Néroli Outrenoir Guerlain for women and men,"Néroli Outrenoir by Guerlain is a Citrus Aromatic fragrance for women and men. Néroli Outrenoir was launched in 2016. Néroli Outrenoir was created by Thierry Wasser and Delphine Jelk. Top notes are Petitgrain, Bergamot, Tangerine, Lemon and Grapefruit; middle notes are Tea, Neroli, Orange Blossom, Smoke and Earthy Notes; base notes are Myrrh, Vanilla, Oakmoss, Benzoin and Ambrette (Musk Mallow).",Guerlain,2016,women and men,"Petitgrain, Bergamot, Tangerine, Lemon and Grapefruit","Tea, Neroli, Orange Blossom, Smoke and Earthy Notes","Myrrh, Vanilla, Oakmoss, Benzoin and Ambrette (Musk Mallow)",citrus | white floral | green | aromatic | fresh spicy | fresh | earthy | amber | smoky,1.1,2039,
https://www.fragrantica.com/perfume/Guerlain/L-Homme-Ideal-Extreme-60284.html,L'Homme Idéal Extrême Guerlain for men,"L'Homme Idéal Extrême by Guerlain is a Oriental Woody fragrance for men. L'Homme Idéal Extrême was launched in 2020. The nose behind this fragrance is Thierry Wasser. Top notes are Almond, Pink Pepper and Bergamot; middle notes are Plum, Cinnamon and Heliotrope; base notes are Tobacco, Leather, Patchouli and Cedar.",Guerlain,2020,men,"Almond, Pink Pepper and Bergamot","Plum, Cinnamon and Heliotrope","Tobacco, Leather, Patchouli and Cedar",fruity | sweet | almond | tobacco | leather | warm spicy | nutty | cinnamon | woody | powdery,8.19,3508,
https://www.fragrantica.com/perfume/Guerlain/Insolence-Eau-de-Parfum-67537.html,Insolence Eau de Parfum Guerlain for women,"Insolence Eau de Parfum by Guerlain is a Oriental Floral fragrance for women. Insolence Eau de Parfum was launched in 2021. Top note is Violet; middle notes are Wild Strawberry and Orange Blossom; base notes are Iris, Vanilla, Tonka Bean and Sandalwood.",Guerlain,2021,women,,Wild Strawberry and Orange Blossom,"Iris, Vanilla, Tonka Bean and Sandalwood",violet | powdery | vanilla | iris | woody | sweet | fruity | earthy | floral,4.10,1877,
https://www.fragrantica.com/perfume/Guerlain/Feve-Gourmande-87746.html,Fève Gourmande Guerlain for women,"Fève Gourmande by Guerlain is a Oriental Vanilla fragrance for women. Fève Gourmande was launched in 2023. The nose behind this fragrance is Delphine Jelk. The fragrance features Cacao, Spices, Rum, Smoke, Rose, Patchouli and Tea.",Guerlain,2023,women,,,,warm spicy | cacao | rum | woody | smoky | rose | sweet,4.33,1206,
https://www.fragrantica.com/perfume/Guerlain/Vetiver-69.html,Vetiver Guerlain for men,"Vetiver by Guerlain is a Woody Aromatic fragrance for men. Vetiver was launched in 2000. The nose behind this fragrance is Jean-Paul Guerlain. Top notes are Bergamot, Tobacco, Lemon, Nutmeg, Neroli, Coriander and Mandarin Orange; middle notes are Vetiver, Pepper, Carnation, Sage, Sandalwood and Orris Root; base notes are Vetiver, Oakmoss, Leather, Myrrh, Civet, Tonka Bean and Amber.",Guerlain,2000,men,"Bergamot, Tobacco, Lemon, Nutmeg, Neroli, Coriander and Mandarin Orange","Vetiver, Pepper, Carnation, Sage, Sandalwood and Orris Root","Vetiver, Oakmoss, Leather, Myrrh, Civet, Tonka Bean and Amber",aromatic | citrus | woody | earthy | fresh spicy | tobacco | warm spicy | floral | sweet | green,4.94,6500,
https://www.fragrantica.com/perfume/Guerlain/La-Petite-Robe-Noire-14681.html,La Petite Robe Noire Guerlain for women,"La Petite Robe Noire by Guerlain is a Oriental Vanilla fragrance for women. La Petite Robe Noire was launched in 2012. The nose behind this fragrance is Thierry Wasser. Top notes are Sour Cherry, Almond, Red Berries and Bergamot; middle notes are Licorice, Rose, Tea and Taif Rose; base notes are Vanilla, Anise, Tonka Bean, Patchouli and Iris.",Guerlain,2012,women,"Sour Cherry, Almond, Red Berries and Bergamot","Licorice, Rose, Tea and Taif Rose","Vanilla, Anise, Tonka Bean, Patchouli and Iris",sweet | cherry | fruity | almond | nutty | soft spicy | vanilla | anis | rose,3.3,11607,
https://www.fragrantica.com/perfume/Guerlain/L-Homme-Ideal-25780.html,L’Homme Idéal Guerlain for men,"L’Homme Idéal by Guerlain is a Woody Aromatic fragrance for men. L’Homme Idéal was launched in 2014. The nose behind this fragrance is Thierry Wasser. Top notes are Citruses, Orange Blossom, Bitter Orange and Rosemary; middle notes are Almond and Tonka Bean; base notes are Leather, Cedar and Vetiver.",Guerlain,2014,men,"Citruses, Orange Blossom, Bitter Orange and Rosemary",Almond and Tonka Bean,"Leather, Cedar and Vetiver",almond | citrus | aromatic | sweet | woody | nutty | vanilla | leather | fruity | amber,2.9,6257,
https://www.fragrantica.com/perfume/Guerlain/Ambre-Samar-105007.html,Ambre Samar Guerlain for women and men,"Ambre Samar by Guerlain is a Oriental Spicy fragrance for women and men. This is a new fragrance. Ambre Samar was launched in 2025. The nose behind this fragrance is Delphine Jelk. Top notes are Cardamom, Almond and Frankincense; middle notes are Amber and Davana; base notes are Benzoin, Tonka Bean and Patchouli.",Guerlain,2025,women and men,"Cardamom, Almond and Frankincense",Amber and Davana,"Benzoin, Tonka Bean and Patchouli",amber | warm spicy | aromatic | vanilla | sweet | almond | fruity | balsamic,4.27,677,
https://www.fragrantica.com/perfume/Guerlain/Herbes-Troublantes-69275.html,Herbes Troublantes Guerlain for women and men,"Herbes Troublantes by Guerlain is a Citrus Aromatic fragrance for women and men. Herbes Troublantes was launched in 2021. The nose behind this fragrance is Thierry Wasser. The fragrance features Herbal Notes, White Musk, Bergamot and Orange Blossom.",Guerlain,2021,women and men,,,,green | citrus | musky | white floral | powdery | fresh spicy | sweet | animalic,4.27,856,
https://www.fragrantica.com/perfume/Guerlain/Aqua-Allegoria-Forte-Bosca-Vanilla-83152.html,Aqua Allegoria Forte Bosca Vanilla Guerlain for women and men,"Aqua Allegoria Forte Bosca Vanilla by Guerlain is a Oriental Woody fragrance for women and men. Aqua Allegoria Forte Bosca Vanilla was launched in 2023. Top notes are Bergamot and Eucalyptus; middle notes are Solar Notes and Immortelle; base notes are Vanilla Absolute, Driftwood and Musk.",Guerlain,2023,women and men,Bergamot and Eucalyptus,Solar Notes and Immortelle,"Vanilla Absolute, Driftwood and Musk",vanilla | woody | powdery | sweet | citrus | musky | aldehydic | marine | herbal | aromatic,2.04,1807,
https://www.fragrantica.com/perfume/Guerlain/Mon-Guerlain-Eau-de-Parfum-Intense-55997.html,Mon Guerlain Eau de Parfum Intense Guerlain for women,"Mon Guerlain Eau de Parfum Intense by Guerlain is a Oriental Woody fragrance for women. Mon Guerlain Eau de Parfum Intense was launched in 2019. Mon Guerlain Eau de Parfum Intense was created by Thierry Wasser and Delphine Jelk. Top notes are Lavender, Mandarin Orange and Bergamot; middle notes are Tahitian Vanilla, Madagascar Vanilla, Iris, Jasmine Sambac and Rose; base notes are Coumarin, Patchouli, Licorice, Benzoin, Australian Sandalwood and White Musk.",Guerlain,2019,women,"Lavender, Mandarin Orange and Bergamot","Tahitian Vanilla, Madagascar Vanilla, Iris, Jasmine Sambac and Rose","Coumarin, Patchouli, Licorice, Benzoin, Australian Sandalwood and White Musk",vanilla | woody | lavender | powdery | aromatic | balsamic | sweet | warm spicy | soft spicy | iris,6.89,3947,
https://www.fragrantica.com/perfume/Guerlain/Guerlain-Homme-Eau-de-Parfum-2016-47793.html,Guerlain Homme Eau de Parfum (2016) Guerlain for men,"Guerlain Homme Eau de Parfum (2016) by Guerlain is a Woody Aromatic fragrance for men. Guerlain Homme Eau de Parfum (2016) was launched in 2016. The nose behind this fragrance is Thierry Wasser. Top notes are Peppermint, Lime and Rum; middle note is Floral Notes; base notes are Vetiver, Cedar and Patchouli.",Guerlain,2016,men,"Peppermint, Lime and Rum",,"Vetiver, Cedar and Patchouli",woody | aromatic | green | citrus | fresh spicy | earthy | rum | floral | patchouli | warm spicy,4.24,2234,
https://www.fragrantica.com/perfume/Giorgio-Armani/Emporio-Armani-Stronger-With-You-Intensely-52802.html,Emporio Armani Stronger With You Intensely Giorgio Armani for men,"Emporio Armani Stronger With You Intensely by Giorgio Armani is a Oriental Fougere fragrance for men. Emporio Armani Stronger With You Intensely was launched in 2019. Top notes are Pink Pepper, Juniper and Violet; middle notes are Toffee, Cinnamon, Lavender and Sage; base notes are Vanilla, Amber, Tonka Bean and Suede.",Giorgio Armani,2019,men,"Pink Pepper, Juniper and Violet","Toffee, Cinnamon, Lavender and Sage","Vanilla, Amber, Tonka Bean and Suede",vanilla | sweet | amber | cinnamon | warm spicy | powdery | aromatic | soft spicy | caramel,2.99,22659,
https://www.fragrantica.com/perfume/Giorgio-Armani/Acqua-di-Gio-410.html,Acqua di Gio Giorgio Armani for men,"Acqua di Gio by Giorgio Armani is a Aromatic Aquatic fragrance for men. Acqua di Gio was launched in 1996. Acqua di Gio was created by Alberto Morillas, Annick Menardo and Christian Dussoulier. Top notes are Lime, Lemon, Bergamot, Jasmine, Orange, Mandarin Orange and Neroli; middle notes are Sea Notes, Jasmine, Calone, Rosemary, Peach, Freesia, Hiacynth, Cyclamen, Violet, Coriander, Rose, Nutmeg and Mignonette; base notes are White Musk, Cedar, Oakmoss, Patchouli and Amber.",Giorgio Armani,1996,men,"Lime, Lemon, Bergamot, Jasmine, Orange, Mandarin Orange and Neroli","Sea Notes, Jasmine, Calone, Rosemary, Peach, Freesia, Hiacynth, Cyclamen, Violet, Coriander, Rose, Nutmeg and Mignonette","White Musk, Cedar, Oakmoss, Patchouli and Amber",citrus | aromatic | marine | fresh spicy | floral | woody | fresh,2.97,24054,
https://www.fragrantica.com/perfume/Giorgio-Armani/Emporio-Armani-Stronger-With-You-Absolutely-64501.html,Emporio Armani Stronger With You Absolutely Giorgio Armani for men,"Emporio Armani Stronger With You Absolutely by Giorgio Armani is a Oriental Fougere fragrance for men. Emporio Armani Stronger With You Absolutely was launched in 2021. The nose behind this fragrance is Cecile Matton. Top notes are Rum, elemi and Bergamot; middle notes are Lavender and Davana; base notes are Madagascar Vanilla, Chestnut, Cedar and Patchouli.",Giorgio Armani,2021,men,"Rum, elemi and Bergamot",Lavender and Davana,"Madagascar Vanilla, Chestnut, Cedar and Patchouli",vanilla | woody | balsamic | rum | aromatic | warm spicy | nutty | powdery | lavender | sweet,6.89,9120,
https://www.fragrantica.com/perfume/Giorgio-Armani/Acqua-di-Gio-Parfum-81508.html,Acqua di Giò Parfum Giorgio Armani for men,"Acqua di Giò Parfum by Giorgio Armani is a Woody Aquatic fragrance for men. Acqua di Giò Parfum was launched in 2023. The nose behind this fragrance is Alberto Morillas. Top notes are Marine notes and Bergamot; middle notes are Rosemary, Clary Sage and Geranium; base notes are Olibanum and Patchouli.",Giorgio Armani,2023,men,Marine notes and Bergamot,"Rosemary, Clary Sage and Geranium",Olibanum and Patchouli,aromatic | fresh spicy | marine | woody | citrus | amber | patchouli | warm spicy,5.19,6203,
https://www.fragrantica.com/perfume/Giorgio-Armani/Acqua-di-Gio-Profondo-59532.html,Acqua di Giò Profondo Giorgio Armani for men,"Acqua di Giò Profondo by Giorgio Armani is a Aromatic Fougere fragrance for men. Acqua di Giò Profondo was launched in 2020. The nose behind this fragrance is Alberto Morillas. Top notes are Sea Notes, Aquozone, Bergamot and Green Mandarin; middle notes are Rosemary, Lavender, Cypress and Mastic or Lentisque; base notes are Mineral notes, Musk, Patchouli and Amber.",Giorgio Armani,2020,men,"Sea Notes, Aquozone, Bergamot and Green Mandarin","Rosemary, Lavender, Cypress and Mastic or Lentisque","Mineral notes, Musk, Patchouli and Amber",marine | aromatic | citrus | fresh spicy | fresh | woody | mineral | salty | lavender,3.97,11360,
https://www.fragrantica.com/perfume/Giorgio-Armani/Armani-Code-Parfum-75126.html,Armani Code Parfum Giorgio Armani for men,"Armani Code Parfum by Giorgio Armani is a Woody Aromatic fragrance for men. Armani Code Parfum was launched in 2022. The nose behind this fragrance is Antoine Maisondieu. Top notes are Bergamot and Bergamot Leaf; middle notes are Iris, Aldehydes, Clary Sage and Orris; base notes are Tonka Bean and Cedar.",Giorgio Armani,2022,men,Bergamot and Bergamot Leaf,"Iris, Aldehydes, Clary Sage and Orris",Tonka Bean and Cedar,iris | aromatic | powdery | woody | citrus | vanilla | earthy | aldehydic | violet | fresh spicy,4.84,6308,
https://www.fragrantica.com/perfume/Giorgio-Armani/Emporio-Armani-Stronger-With-You-Parfum-100895.html,Emporio Armani Stronger With You Parfum Giorgio Armani for men,"Emporio Armani Stronger With You Parfum by Giorgio Armani is a Oriental Fougere fragrance for men. This is a new fragrance. Emporio Armani Stronger With You Parfum was launched in 2025. Top notes are Pink Pepper and Mandarin; middle notes are Lavender, Cinnamon and Sage; base notes are Chestnut, Vanilla and Leather.",Giorgio Armani,2025,men,Pink Pepper and Mandarin,"Lavender, Cinnamon and Sage","Chestnut, Vanilla and Leather",vanilla | lavender | soft spicy | nutty | warm spicy | balsamic | aromatic | sweet | leather | citrus,0.99,2866,
https://www.fragrantica.com/perfume/Giorgio-Armani/My-Way-62036.html,My Way Giorgio Armani for women,"My Way by Giorgio Armani is a Floral fragrance for women. My Way was launched in 2020. My Way was created by Carlos Benaïm and Bruno Jovanovic. Top notes are Orange Blossom and Bergamot; middle notes are Tuberose and Indian Jasmine; base notes are Madagascar Vanilla, White Musk and Virginian Cedar.",Giorgio Armani,2020,women,Orange Blossom and Bergamot,Tuberose and Indian Jasmine,"Madagascar Vanilla, White Musk and Virginian Cedar",white floral | tuberose | citrus | animalic | vanilla,3.97,12922,
https://www.fragrantica.com/perfume/Giorgio-Armani/Acqua-di-Gio-Profumo-29727.html,Acqua di Giò Profumo Giorgio Armani for men,"Acqua di Giò Profumo by Giorgio Armani is a Aromatic Aquatic fragrance for men. Acqua di Giò Profumo was launched in 2015. The nose behind this fragrance is Alberto Morillas. Top notes are Sea Notes and Bergamot; middle notes are Rosemary, Sage and Geranium; base notes are Incense and Patchouli.",Giorgio Armani,2015,men,Sea Notes and Bergamot,"Rosemary, Sage and Geranium",Incense and Patchouli,aromatic | marine | fresh spicy | amber | woody | smoky | warm spicy | citrus | balsamic | patchouli,9.9,16083,
https://www.fragrantica.com/perfume/Giorgio-Armani/Emporio-Armani-Stronger-With-You-45258.html,Emporio Armani Stronger With You Giorgio Armani for men,Emporio Armani Stronger With You by Giorgio Armani is a Aromatic Fougere fragrance for men. Emporio Armani Stronger With You was launched in 2017. The nose behind this fragrance is Cecile Matton. Top notes are Chestnut and Sugar; middle notes are Sage and Lavender; base notes are Vanilla and Smoke.,Giorgio Armani,2017,men,Chestnut and Sugar,Sage and Lavender,Vanilla and Smoke,vanilla | sweet | balsamic | nutty | aromatic | powdery | lavender | herbal | soft spicy | warm spicy,4.29,10273,
https://www.fragrantica.com/perfume/Giorgio-Armani/Acqua-di-Gioia-8442.html,Acqua di Gioia Giorgio Armani for women,"Acqua di Gioia by Giorgio Armani is a Floral Aquatic fragrance for women. Acqua di Gioia was launched in 2010. Acqua di Gioia was created by Loc Dong, Anne Flipo and Dominique Ropion. Top notes are Amalfi Lemon and Mint; middle note is Water Jasmine; base notes are Virginia Cedar, Brown sugar and French labdanum.",Giorgio Armani,2010,women,Amalfi Lemon and Mint,,"Virginia Cedar, Brown sugar and French labdanum",citrus | aromatic | green | white floral | fresh spicy | woody | fresh,3.97,16727,
https://www.fragrantica.com/perfume/Giorgio-Armani/Si-18453.html,Si Giorgio Armani for women,"Si by Giorgio Armani is a Chypre Fruity fragrance for women. Si was launched in 2013. The nose behind this fragrance is Christine Nagel. Top note is Cassis; middle notes are May Rose and Freesia; base notes are Vanilla, Patchouli, Woody Notes and Ambroxan.",Giorgio Armani,2013,women,,May Rose and Freesia,"Vanilla, Patchouli, Woody Notes and Ambroxan",woody | vanilla | aromatic | soft spicy | fruity | green | floral | rose | patchouli | earthy,2.99,19441,
https://www.fragrantica.com/perfume/Giorgio-Armani/Power-Of-You-121870.html,Power Of You Giorgio Armani for women,"Power Of You by Giorgio Armani is a Floral Fruity Gourmand fragrance for women. This is a new fragrance. Power Of You was launched in 2026. Power Of You was created by Nisrine Bouazzaoui Grillié and Nadège Le Garlantezec. Top notes are Passionfruit, Bitter Orange and Lemon; middle notes are Frangipani and Solar Notes; base notes are Madagascar Vanilla, Benzoin and Labdanum.",Giorgio Armani,2026,women,"Passionfruit, Bitter Orange and Lemon",Frangipani and Solar Notes,"Madagascar Vanilla, Benzoin and Labdanum",tropical | vanilla | sweet | fruity | citrus | fresh | floral | powdery | amber,1.2,2164,
https://www.fragrantica.com/perfume/Giorgio-Armani/Acqua-di-Gio-Elixir-101438.html,Acqua di Giò Elixir Giorgio Armani for men,"Acqua di Giò Elixir by Giorgio Armani is a Woody Aromatic fragrance for men. This is a new fragrance. Acqua di Giò Elixir was launched in 2025. The nose behind this fragrance is Alberto Morillas. Top notes are Bergamot, Green Mandarin and Nutmeg; middle notes are Violet Leaf and Water Notes; base notes are Leather, Patchouli, Vetiver and Labdanum.",Giorgio Armani,2025,men,"Bergamot, Green Mandarin and Nutmeg",Violet Leaf and Water Notes,"Leather, Patchouli, Vetiver and Labdanum",aquatic | citrus | ozonic | woody | fresh spicy | leather | patchouli | aromatic | earthy | green,4.97,1355,
https://www.fragrantica.com/perfume/Giorgio-Armani/Acqua-di-Gio-Profondo-Parfum-90451.html,Acqua di Giò Profondo Parfum Giorgio Armani for men,Acqua di Giò Profondo Parfum by Giorgio Armani is a Aromatic Aquatic fragrance for men. Acqua di Giò Profondo Parfum was launched in 2024. Top notes are Marine notes and Green Mandarin; middle note is Mimosa; base notes are Patchouli and Labdanum.,Giorgio Armani,2024,men,Marine notes and Green Mandarin,,Patchouli and Labdanum,marine | citrus | aromatic | patchouli | yellow floral | salty | amber | woody | aquatic | powdery,5.84,2003,
https://www.fragrantica.com/perfume/Giorgio-Armani/Emporio-Armani-Stronger-With-You-Sandalwood-102519.html,Emporio Armani Stronger With You Sandalwood Giorgio Armani for women and men,"Emporio Armani Stronger With You Sandalwood by Giorgio Armani is a Oriental Woody fragrance for women and men. This is a new fragrance. Emporio Armani Stronger With You Sandalwood was launched in 2025. Top note is Saffron; middle notes are Lavender and Chestnut; base notes are Sandalwood, Vanilla and Cedarwood.",Giorgio Armani,2025,women and men,,Lavender and Chestnut,"Sandalwood, Vanilla and Cedarwood",woody | warm spicy | powdery | lavender | vanilla | balsamic | aromatic | nutty,4.39,826,
https://www.fragrantica.com/perfume/Giorgio-Armani/Armani-Code-412.html,Armani Code Giorgio Armani for men,"Armani Code by Giorgio Armani is a Oriental Spicy fragrance for men. Armani Code was launched in 2004. The nose behind this fragrance is Antoine Lie. Top notes are Lemon and Bergamot; middle notes are Star Anise, Olive Blossom and Guaiac Wood; base notes are Leather, Tonka Bean and Tobacco. This perfume is the winner of award FiFi Award Fragrance Of The Year Men`s Luxe 2006.",Giorgio Armani,2004,men,Lemon and Bergamot,"Star Anise, Olive Blossom and Guaiac Wood","Leather, Tonka Bean and Tobacco",citrus | leather | anis | soft spicy | floral | tobacco | sweet | aromatic | vanilla | animalic,2.99,11470,
https://www.fragrantica.com/perfume/Giorgio-Armani/Acqua-di-Gio-Profondo-Eau-de-Parfum-2024-105624.html,Acqua di Giò Profondo Eau de Parfum (2024) Giorgio Armani for men,"Acqua di Giò Profondo Eau de Parfum (2024) by Giorgio Armani is a Aromatic Aquatic fragrance for men. This is a new fragrance. Acqua di Giò Profondo Eau de Parfum (2024) was launched in 2024. The nose behind this fragrance is Alberto Morillas. Top notes are Sea Notes and Green Mandarin; middle notes are Rosemary and Lavender; base notes are Mineral notes, Ambergris, Musk, Cedar and Patchouli.",Giorgio Armani,2024,men,Sea Notes and Green Mandarin,Rosemary and Lavender,"Mineral notes, Ambergris, Musk, Cedar and Patchouli",aromatic | marine | citrus | mineral | woody | fresh spicy | salty | amber | lavender | aquatic,9.84,1251,
https://www.fragrantica.com/perfume/Giorgio-Armani/Si-Passione-48002.html,Sì Passione Giorgio Armani for women,"Sì Passione by Giorgio Armani is a Floral Fruity fragrance for women. Sì Passione was launched in 2017. Sì Passione was created by Christine Nagel and Julie Massé. Top notes are Pear, Black Currant, Pink Pepper and Grapefruit; middle notes are Pineapple, Rose, Jasmine and Heliotrope; base notes are Vanilla, Cedar, Patchouli and Amberwood.",Giorgio Armani,2017,women,"Pear, Black Currant, Pink Pepper and Grapefruit","Pineapple, Rose, Jasmine and Heliotrope","Vanilla, Cedar, Patchouli and Amberwood",fruity | sweet | woody | vanilla | rose | soft spicy | floral | fresh | powdery | citrus,2.1,7143,
https://www.fragrantica.com/perfume/Giorgio-Armani/Armani-Code-Eau-de-Parfum-2024-96540.html,Armani Code Eau de Parfum (2024) Giorgio Armani for men,Armani Code Eau de Parfum (2024) by Giorgio Armani is a Aromatic Fougere fragrance for men. This is a new fragrance. Armani Code Eau de Parfum (2024) was launched in 2024. Top note is Green Mandarin; middle note is Nutmeg; base note is Tonka Bean.,Giorgio Armani,2024,men,,,,fresh spicy | vanilla | amber | citrus | sweet | aromatic | warm spicy | floral,4.30,1192,
https://www.fragrantica.com/perfume/Giorgio-Armani/The-Yulong-58907.html,Thé Yulong Giorgio Armani for women and men,"Thé Yulong by Giorgio Armani is a Aromatic Green fragrance for women and men. Thé Yulong was launched in 2020. The nose behind this fragrance is Julie Massé. Top notes are Mandarin Orange, Petitgrain and Cardamom; middle notes are Green Tea, Black Tea, Orange Blossom and Jasmine; base notes are Vetiver, Ambrette (Musk Mallow) and Iris.",Giorgio Armani,2020,women and men,"Mandarin Orange, Petitgrain and Cardamom","Green Tea, Black Tea, Orange Blossom and Jasmine","Vetiver, Ambrette (Musk Mallow) and Iris",citrus | green | white floral | aromatic | woody | earthy | fresh | iris | floral | musky,4.25,1715,
https://www.fragrantica.com/perfume/Giorgio-Armani/Emporio-Armani-Stronger-With-You-Powerfully-123070.html,Emporio Armani Stronger With You Powerfully Giorgio Armani for men,"Emporio Armani Stronger With You Powerfully by Giorgio Armani is a Oriental Vanilla fragrance for men. This is a new fragrance. Emporio Armani Stronger With You Powerfully was launched in 2026. Top notes are Cherry and Mandarin Orange; middle notes are Spices and Lavender; base notes are Chestnut, Vanilla and Amberwood.",Giorgio Armani,2026,men,Cherry and Mandarin Orange,Spices and Lavender,"Chestnut, Vanilla and Amberwood",warm spicy | cherry | amber | vanilla | nutty | sweet | woody | balsamic | lavender | powdery,4.47,1224,
https://www.fragrantica.com/perfume/Giorgio-Armani/Acqua-di-Gio-Eau-de-Parfum-71606.html,Acqua di Giò Eau de Parfum Giorgio Armani for men,"Acqua di Giò Eau de Parfum by Giorgio Armani is a Aromatic Aquatic fragrance for men. Acqua di Giò Eau de Parfum was launched in 2022. The nose behind this fragrance is Alberto Morillas. Top notes are Sea Notes and Green Mandarin; middle notes are Clary Sage, Lavender and Geranium; base notes are Mineral notes, Vetiver and Patchouli.",Giorgio Armani,2022,men,Sea Notes and Green Mandarin,"Clary Sage, Lavender and Geranium","Mineral notes, Vetiver and Patchouli",aromatic | marine | mineral | citrus | fresh spicy | lavender | salty | woody,4.94,3638,
https://www.fragrantica.com/perfume/Giorgio-Armani/My-Way-Ylang-100877.html,My Way Ylang Giorgio Armani for women,"My Way Ylang by Giorgio Armani is a Floral Fruity fragrance for women. This is a new fragrance. My Way Ylang was launched in 2024. Top notes are Mango, Coconut, Orange Blossom and Bergamot; middle notes are Ylang Ylang and Tuberose; base notes are Vanilla, White Musk and Cedarwood.",Giorgio Armani,2024,women,"Mango, Coconut, Orange Blossom and Bergamot",Ylang Ylang and Tuberose,"Vanilla, White Musk and Cedarwood",sweet | tropical | white floral | yellow floral | fruity | coconut | vanilla | woody | tuberose | citrus,3.09,787,
https://www.fragrantica.com/perfume/Giorgio-Armani/My-Way-Nectar-88938.html,My Way Nectar Giorgio Armani for women,"My Way Nectar by Giorgio Armani is a Floral Fruity fragrance for women. My Way Nectar was launched in 2024. Top notes are Pear, Orange Blossom and Bergamot; middle notes are Tuberose, Jasmine and Violet Leaf; base notes are White Musk, Bourbon Vanilla and Cedarwood.",Giorgio Armani,2024,women,"Pear, Orange Blossom and Bergamot","Tuberose, Jasmine and Violet Leaf","White Musk, Bourbon Vanilla and Cedarwood",white floral | citrus | sweet | tuberose | fruity | aquatic | animalic | ozonic | green,7.79,1493,
