marca,nombre,link,rank_marca
Natura,Essencial Sentir,https://www.fragrantica.com/perfume/Natura/Essencial-Sentir-98848.html,1
Natura,Homem Essence,https://www.fragrantica.com/perfume/Natura/Homem-Essence-40309.html,2
Natura,Essencial Unico,https://www.fragrantica.com/perfume/Natura/Essencial-Unico-72417.html,3
Natura,Homem Sagaz,https://www.fragrantica.com/perfume/Natura/Homem-Sagaz-48965.html,4
Natura,Essencial Oud,https://www.fragrantica.com/perfume/Natura/Essencial-Oud-52563.html,5
Natura,Essencial Sentir,https://www.fragrantica.com/perfume/Natura/Essencial-Sentir-98845.html,6
Natura,Ilia Completa,https://www.fragrantica.com/perfume/Natura/Ilia-Completa-83524.html,7
Natura,Ilia Secreto,https://www.fragrantica.com/perfume/Natura/Ilia-Secreto-48977.html,8
Natura,Ryo Chuva,https://www.fragrantica.com/perfume/Natura/Ryo-Chuva-95475.html,9
Natura,Una Blush,https://www.fragrantica.com/perfume/Natura/Una-Blush-57188.html,10
Natura,Conexao de Humor,https://www.fragrantica.com/perfume/Natura/Conexao-de-Humor-93130.html,11
Natura,Aura Alba,https://www.fragrantica.com/perfume/Natura/Aura-Alba-104821.html,12
Natura,Homem Cor Agio,https://www.fragrantica.com/perfume/Natura/Homem-Cor-Agio-53469.html,13
Natura,Homem Dom,https://www.fragrantica.com/perfume/Natura/Homem-Dom-56083.html,14
Natura,Homem Tato,https://www.fragrantica.com/perfume/Natura/Homem-Tato-68157.html,15
Natura,K Max,https://www.fragrantica.com/perfume/Natura/K-Max-55558.html,16
Natura,Essencial Atrai,https://www.fragrantica.com/perfume/Natura/Essencial-Atrai-104268.html,17
Natura,Kaiak,https://www.fragrantica.com/perfume/Natura/Kaiak-13237.html,18
Natura,Homem,https://www.fragrantica.com/perfume/Natura/Homem-26088.html,19
Natura,Una Artisan,https://www.fragrantica.com/perfume/Natura/Una-Artisan-46579.html,20
Natura,Essencial Atrai,https://www.fragrantica.com/perfume/Natura/Essencial-Atrai-105701.html,21
Natura,Kaiak Urbe,https://www.fragrantica.com/perfume/Natura/Kaiak-Urbe-26136.html,22
Natura,Ilia,https://www.fragrantica.com/perfume/Natura/Ilia-42442.html,23
Natura,Kaiak Aero,https://www.fragrantica.com/perfume/Natura/Kaiak-Aero-48944.html,24
Natura,Luna,https://www.fragrantica.com/perfume/Natura/Luna-31811.html,25
Jo Malone London,Wood Sage Sea Salt,https://www.fragrantica.com/perfume/Jo-Malone-London/Wood-Sage-Sea-Salt-25529.html,1
Jo Malone London,English Pear Freesia,https://www.fragrantica.com/perfume/Jo-Malone-London/English-Pear-Freesia-10314.html,2
Jo Malone London,Myrrh Tonka,https://www.fragrantica.com/perfume/Jo-Malone-London/Myrrh-Tonka-42027.html,3
Jo Malone London,Blackberry Bay,https://www.fragrantica.com/perfume/Jo-Malone-London/Blackberry-Bay-15134.html,4
Jo Malone London,Peony Blush Suede,https://www.fragrantica.com/perfume/Jo-Malone-London/Peony-Blush-Suede-18767.html,5
Jo Malone London,Wild Bluebell,https://www.fragrantica.com/perfume/Jo-Malone-London/Wild-Bluebell-12310.html,6
Jo Malone London,Nectarine Blossom amp Honey,https://www.fragrantica.com/perfume/Jo-Malone-London/Nectarine-Blossom-amp-Honey-3782.html,7
Jo Malone London,Cypress Grapevine Cologne Intense,https://www.fragrantica.com/perfume/Jo-Malone-London/Cypress-Grapevine-Cologne-Intense-61928.html,8
Jo Malone London,Scarlet Poppy Intense,https://www.fragrantica.com/perfume/Jo-Malone-London/Scarlet-Poppy-Intense-64551.html,9
Jo Malone London,Lime Basil Mandarin,https://www.fragrantica.com/perfume/Jo-Malone-London/Lime-Basil-Mandarin-5585.html,10
Jo Malone London,Ginger Biscuit Cologne 2023,https://www.fragrantica.com/perfume/Jo-Malone-London/Ginger-Biscuit-Cologne-2023-87708.html,11
Jo Malone London,Velvet Rose Oud,https://www.fragrantica.com/perfume/Jo-Malone-London/Velvet-Rose-Oud-15286.html,12
Jo Malone London,Pomegranate Noir,https://www.fragrantica.com/perfume/Jo-Malone-London/Pomegranate-Noir-5581.html,13
Jo Malone London,Mimosa Cardamom,https://www.fragrantica.com/perfume/Jo-Malone-London/Mimosa-Cardamom-31825.html,14
Jo Malone London,Raspberry Ripple,https://www.fragrantica.com/perfume/Jo-Malone-London/Raspberry-Ripple-108293.html,15
Jo Malone London,Oud Bergamot,https://www.fragrantica.com/perfume/Jo-Malone-London/Oud-Bergamot-12928.html,16
Jo Malone London,Orange Blossom,https://www.fragrantica.com/perfume/Jo-Malone-London/Orange-Blossom-2279.html,17
Jo Malone London,English Pear Sweet Pea,https://www.fragrantica.com/perfume/Jo-Malone-London/English-Pear-Sweet-Pea-84035.html,18
Jo Malone London,Scarlet Poppy Cologne Intense,https://www.fragrantica.com/perfume/Jo-Malone-London/Scarlet-Poppy-Cologne-Intense-79435.html,19
Jo Malone London,Hinoki Cedarwood,https://www.fragrantica.com/perfume/Jo-Malone-London/Hinoki-Cedarwood-96902.html,20
Jo Malone London,Red Hibiscus,https://www.fragrantica.com/perfume/Jo-Malone-London/Red-Hibiscus-89314.html,21
Jo Malone London,Beach Blossom Limited Edition,https://www.fragrantica.com/perfume/Jo-Malone-London/Beach-Blossom-Limited-Edition-103305.html,22
Jo Malone London,Poppy Barley,https://www.fragrantica.com/perfume/Jo-Malone-London/Poppy-Barley-56152.html,23
Jo Malone London,English Oak Hazelnut,https://www.fragrantica.com/perfume/Jo-Malone-London/English-Oak-Hazelnut-46187.html,24
Jo Malone London,Earl Grey Cucumber,https://www.fragrantica.com/perfume/Jo-Malone-London/Earl-Grey-Cucumber-79437.html,25
Montale,Arabians Tonka,https://www.fragrantica.com/perfume/Montale/Arabians-Tonka-57384.html,1
Montale,Chocolate Greedy,https://www.fragrantica.com/perfume/Montale/Chocolate-Greedy-2186.html,2
Montale,Intense Cafe,https://www.fragrantica.com/perfume/Montale/Intense-Cafe-18021.html,3
Montale,Honey Aoud,https://www.fragrantica.com/perfume/Montale/Honey-Aoud-30509.html,4
Montale,Vanilla Cake,https://www.fragrantica.com/perfume/Montale/Vanilla-Cake-48948.html,5
Montale,Roses Musk,https://www.fragrantica.com/perfume/Montale/Roses-Musk-1148.html,6
Montale,Infinity,https://www.fragrantica.com/perfume/Montale/Infinity-81773.html,7
Montale,Vanille Absolu,https://www.fragrantica.com/perfume/Montale/Vanille-Absolu-4064.html,8
Montale,Dallachai,https://www.fragrantica.com/perfume/Montale/Dallachai-97830.html,9
Montale,Soleil de Capri,https://www.fragrantica.com/perfume/Montale/Soleil-de-Capri-3767.html,10
Montale,Sweet Vanilla,https://www.fragrantica.com/perfume/Montale/Sweet-Vanilla-39411.html,11
Montale,Mukhallat,https://www.fragrantica.com/perfume/Montale/Mukhallat-3241.html,12
Montale,Arabians Musk,https://www.fragrantica.com/perfume/Montale/Arabians-Musk-97829.html,13
Montale,Bubble Forever,https://www.fragrantica.com/perfume/Montale/Bubble-Forever-90739.html,14
Montale,Ristretto Intense Cafe,https://www.fragrantica.com/perfume/Montale/Ristretto-Intense-Cafe-55001.html,15
Montale,Oud Tobacco,https://www.fragrantica.com/perfume/Montale/Oud-Tobacco-61494.html,16
Montale,Full Incense,https://www.fragrantica.com/perfume/Montale/Full-Incense-9556.html,17
Montale,Black Aoud,https://www.fragrantica.com/perfume/Montale/Black-Aoud-1142.html,18
Montale,Dark Vanilla,https://www.fragrantica.com/perfume/Montale/Dark-Vanilla-64050.html,19
Montale,Starry Nights,https://www.fragrantica.com/perfume/Montale/Starry-Nights-31771.html,20
Montale,Intense Tiare,https://www.fragrantica.com/perfume/Montale/Intense-Tiare-3763.html,21
Montale,Sensual Instinct,https://www.fragrantica.com/perfume/Montale/Sensual-Instinct-53675.html,22
Montale,Oud Sapparot,https://www.fragrantica.com/perfume/Montale/Oud-Sapparot-104089.html,23
Montale,Lucky Candy,https://www.fragrantica.com/perfume/Montale/Lucky-Candy-87365.html,24
Montale,Wild Pears,https://www.fragrantica.com/perfume/Montale/Wild-Pears-12302.html,25
Burberry,Goddess,https://www.fragrantica.com/perfume/Burberry/Goddess-83483.html,1
Burberry,Burberry Her,https://www.fragrantica.com/perfume/Burberry/Burberry-Her-51694.html,2
Burberry,Burberry Her Elixir de Parfum,https://www.fragrantica.com/perfume/Burberry/Burberry-Her-Elixir-de-Parfum-75968.html,3
Burberry,Hero Eau de Parfum,https://www.fragrantica.com/perfume/Burberry/Hero-Eau-de-Parfum-75182.html,4
Burberry,London for Men,https://www.fragrantica.com/perfume/Burberry/London-for-Men-804.html,5
Burberry,Goddess Intense,https://www.fragrantica.com/perfume/Burberry/Goddess-Intense-95883.html,6
Burberry,Hero Parfum,https://www.fragrantica.com/perfume/Burberry/Hero-Parfum-90069.html,7
Burberry,Her Intense 2024,https://www.fragrantica.com/perfume/Burberry/Her-Intense-2024-101151.html,8
Burberry,Burberry Brit,https://www.fragrantica.com/perfume/Burberry/Burberry-Brit-819.html,9
Burberry,Touch for Men,https://www.fragrantica.com/perfume/Burberry/Touch-for-Men-815.html,10
Burberry,Burberry Her Eau de Toilette,https://www.fragrantica.com/perfume/Burberry/Burberry-Her-Eau-de-Toilette-71379.html,11
Burberry,Goddess Parfum,https://www.fragrantica.com/perfume/Burberry/Goddess-Parfum-109082.html,12
Burberry,Hero,https://www.fragrantica.com/perfume/Burberry/Hero-68627.html,13
Burberry,London,https://www.fragrantica.com/perfume/Burberry/London-813.html,14
Burberry,Hero Parfum Intense,https://www.fragrantica.com/perfume/Burberry/Hero-Parfum-Intense-101015.html,15
Burberry,My Burberry Black,https://www.fragrantica.com/perfume/Burberry/My-Burberry-Black-32566.html,16
Burberry,Burberry Women,https://www.fragrantica.com/perfume/Burberry/Burberry-Women-818.html,17
Burberry,Weekend for Women,https://www.fragrantica.com/perfume/Burberry/Weekend-for-Women-1000.html,18
Burberry,My Burberry Blush,https://www.fragrantica.com/perfume/Burberry/My-Burberry-Blush-45820.html,19
Burberry,Burberry Brit for Men,https://www.fragrantica.com/perfume/Burberry/Burberry-Brit-for-Men-1115.html,20
Burberry,Burberry Men,https://www.fragrantica.com/perfume/Burberry/Burberry-Men-817.html,21
Burberry,My Burberry,https://www.fragrantica.com/perfume/Burberry/My-Burberry-25836.html,22
Burberry,Burberry Brit Sheer 2015,https://www.fragrantica.com/perfume/Burberry/Burberry-Brit-Sheer-2015-31444.html,23
Burberry,Body,https://www.fragrantica.com/perfume/Burberry/Body-13014.html,24
Burberry,Burberry Her Parfum,https://www.fragrantica.com/perfume/Burberry/Burberry-Her-Parfum-120747.html,25
Mugler,Alien,https://www.fragrantica.com/perfume/Mugler/Alien-707.html,1
Mugler,Angel,https://www.fragrantica.com/perfume/Mugler/Angel-704.html,2
Mugler,Alien Goddess,https://www.fragrantica.com/perfume/Mugler/Alien-Goddess-68354.html,3
Mugler,Angel Nova,https://www.fragrantica.com/perfume/Mugler/Angel-Nova-61519.html,4
Mugler,Angel Stellar,https://www.fragrantica.com/perfume/Mugler/Angel-Stellar-102584.html,5
Mugler,Angel Fantasm,https://www.fragrantica.com/perfume/Mugler/Angel-Fantasm-91916.html,6
Mugler,Alien Goddess Intense,https://www.fragrantica.com/perfume/Mugler/Alien-Goddess-Intense-74871.html,7
Mugler,Alien Hypersense,https://www.fragrantica.com/perfume/Mugler/Alien-Hypersense-89599.html,8
Mugler,Alien Extraintense,https://www.fragrantica.com/perfume/Mugler/Alien-Extraintense-101560.html,9
Mugler,Aura Mugler,https://www.fragrantica.com/perfume/Mugler/Aura-Mugler-45639.html,10
Mugler,A Men,https://www.fragrantica.com/perfume/Mugler/A-Men-705.html,11
Mugler,Angel Elixir,https://www.fragrantica.com/perfume/Mugler/Angel-Elixir-78581.html,12
Mugler,A Men Pure Havane,https://www.fragrantica.com/perfume/Mugler/A-Men-Pure-Havane-11444.html,13
Mugler,Womanity,https://www.fragrantica.com/perfume/Mugler/Womanity-8766.html,14
Mugler,A Men Fantasm,https://www.fragrantica.com/perfume/Mugler/A-Men-Fantasm-93266.html,15
Mugler,Angel Muse,https://www.fragrantica.com/perfume/Mugler/Angel-Muse-36416.html,16
Mugler,Alien Pulp,https://www.fragrantica.com/perfume/Mugler/Alien-Pulp-121443.html,17
Mugler,Alien Eau de Toilette,https://www.fragrantica.com/perfume/Mugler/Alien-Eau-de-Toilette-6616.html,18
Mugler,A Men Stellar,https://www.fragrantica.com/perfume/Mugler/A-Men-Stellar-104941.html,19
Mugler,Alien Goddess Supra Florale,https://www.fragrantica.com/perfume/Mugler/Alien-Goddess-Supra-Florale-82489.html,20
Mugler,Angel Eau de Toilette 2019,https://www.fragrantica.com/perfume/Mugler/Angel-Eau-de-Toilette-2019-55460.html,21
Mugler,A Men Pure Malt,https://www.fragrantica.com/perfume/Mugler/A-Men-Pure-Malt-6103.html,22
Mugler,Angel Blush,https://www.fragrantica.com/perfume/Mugler/Angel-Blush-125841.html,23
Mugler,Alien Essence Absolue,https://www.fragrantica.com/perfume/Mugler/Alien-Essence-Absolue-15452.html,24
Mugler,Mugler Cologne,https://www.fragrantica.com/perfume/Mugler/Mugler-Cologne-708.html,25
O Boticario,Clash,https://www.fragrantica.com/perfume/O-Boticario/Clash-103715.html,1
O Boticario,The Blend Bourbon,https://www.fragrantica.com/perfume/O-Boticario/The-Blend-Bourbon-56164.html,2
O Boticario,Egeo Bomb Black,https://www.fragrantica.com/perfume/O-Boticario/Egeo-Bomb-Black-53323.html,3
O Boticario,Malbec,https://www.fragrantica.com/perfume/O-Boticario/Malbec-7355.html,4
O Boticario,Zaad,https://www.fragrantica.com/perfume/O-Boticario/Zaad-3990.html,5
O Boticario,Botica 214 Dark Mint,https://www.fragrantica.com/perfume/O-Boticario/Botica-214-Dark-Mint-62089.html,6
O Boticario,Floratta Red Passion,https://www.fragrantica.com/perfume/O-Boticario/Floratta-Red-Passion-102787.html,7
O Boticario,Zaad Expedition,https://www.fragrantica.com/perfume/O-Boticario/Zaad-Expedition-76828.html,8
O Boticario,Egeo Vanilla Vibe,https://www.fragrantica.com/perfume/O-Boticario/Egeo-Vanilla-Vibe-61038.html,9
O Boticario,Floratta Red,https://www.fragrantica.com/perfume/O-Boticario/Floratta-Red-54609.html,10
O Boticario,Malbec Ultra Bleu,https://www.fragrantica.com/perfume/O-Boticario/Malbec-Ultra-Bleu-75487.html,11
O Boticario,Egeo Choc,https://www.fragrantica.com/perfume/O-Boticario/Egeo-Choc-12616.html,12
O Boticario,Quasar Brave,https://www.fragrantica.com/perfume/O-Boticario/Quasar-Brave-53752.html,13
O Boticario,Egeo Choc High,https://www.fragrantica.com/perfume/O-Boticario/Egeo-Choc-High-101141.html,14
O Boticario,Malbec Noir,https://www.fragrantica.com/perfume/O-Boticario/Malbec-Noir-33432.html,15
O Boticario,Insensatez,https://www.fragrantica.com/perfume/O-Boticario/Insensatez-7319.html,16
O Boticario,Malbec Magnetic,https://www.fragrantica.com/perfume/O-Boticario/Malbec-Magnetic-52711.html,17
O Boticario,Liz Aura,https://www.fragrantica.com/perfume/O-Boticario/Liz-Aura-108371.html,18
O Boticario,Floratta in Blue,https://www.fragrantica.com/perfume/O-Boticario/Floratta-in-Blue-7314.html,19
O Boticario,The Blend Cardamom,https://www.fragrantica.com/perfume/O-Boticario/The-Blend-Cardamom-70869.html,20
O Boticario,Quasar Ice,https://www.fragrantica.com/perfume/O-Boticario/Quasar-Ice-67916.html,21
O Boticario,L eau de Lily Blanche,https://www.fragrantica.com/perfume/O-Boticario/L-eau-de-Lily-Blanche-104380.html,22
O Boticario,Coffee Duo Woman,https://www.fragrantica.com/perfume/O-Boticario/Coffee-Duo-Woman-52573.html,23
O Boticario,Egeo Spicy Vibe,https://www.fragrantica.com/perfume/O-Boticario/Egeo-Spicy-Vibe-61037.html,24
O Boticario,Malbec Black,https://www.fragrantica.com/perfume/O-Boticario/Malbec-Black-55804.html,25
